GameID,Pitcher,Outs,PitchCount,HBP,BB,FirstHitInning,NoHitBid,K,IP,GB,BallsInPlay
"ANA200007010","washj001",20,107,0,5,6.00,1,2,6.67,16,6
"BAL200005130","johnj007",21,114,0,6,5.67,1,5,7.00,16,6
"BAL200008010","mussm001",27,125,0,2,6.67,1,15,9.00,14,11
"BOS200009030","abbop001",23,106,0,4,7.33,1,4,7.67,19,8
"CLE200005290","washj001",15,88,0,4,-1.00,2,5,5.00,10,3
"DET200006110","hentp001",21,90,0,1,6.33,1,3,7.00,18,8
"KCA200004090","milte001",23,100,0,0,6.67,1,3,7.67,20,8
"MIN200007290","milte001",24,106,0,2,5.33,1,10,8.00,14,8
"NYA200004150","mendr001",20,86,0,0,6.33,1,5,6.67,15,4
"NYA200009180","colob001",27,114,0,1,7.33,1,13,9.00,14,6
"OAK200004040","hudst001",21,104,0,3,6.33,1,8,7.00,13,8
"OAK200006050","eatoa001",19,97,1,5,5.33,1,4,6.33,14,8
"OAK200007080","appik001",21,109,0,2,5.00,1,4,7.00,18,8
"OAK200007200","selea001",19,100,1,4,6.33,1,4,6.33,15,8
"SEA200004260","wrigj002",21,108,0,3,6.00,1,4,7.00,15,8
"SEA200008150","spars001",27,110,0,1,5.67,1,6,9.00,18,13
"SEA200008290","petta001",22,106,0,1,5.67,1,4,7.33,17,9
"TBA200005020","hellr001",22,136,1,6,5.33,1,6,7.33,16,7
"TBA200006100","cornr001",24,104,0,3,6.00,1,0,8.00,24,12
"TBA200008290","martp001",27,110,1,0,8.00,1,13,9.00,14,5
"TBA200009010","meadb001",20,93,0,1,5.33,1,4,6.67,15,8
"TEX200004170","olivd001",24,97,0,1,6.33,1,6,8.00,18,10
"TEX200006050","glynr001",24,108,0,3,5.00,1,6,8.00,18,8
"ARI200005050","johnr005",27,131,0,3,5.00,1,11,9.00,16,10
"ARI200005300","ankir001",18,92,0,2,5.00,1,5,6.00,14,7
"ARI200007200","johnr005",27,124,0,1,5.00,1,11,9.00,15,9
"ATL200009200","leita001",20,114,0,3,5.67,1,2,6.67,18,10
"CHN200005290","liebj001",24,116,0,1,6.67,1,12,8.00,12,6
"CIN200005270","pennb002",16,95,0,4,-1.00,2,4,5.33,13,6
"COL200007172","priea001",18,83,0,0,5.33,1,6,6.00,13,7
"COL200007230","astap001",22,91,1,0,6.00,1,4,7.33,16,10
"FLO200005070","dempr002",27,114,0,4,5.67,1,8,9.00,19,8
"FLO200008010","smitc001",21,101,0,4,5.33,1,7,7.00,13,8
"HOU200008140","holtc001",27,127,1,4,6.00,1,5,9.00,20,7
"HOU200008180","millw001",18,115,0,3,6.00,1,5,6.00,13,8
"HOU200008230","quevr001",24,108,0,4,5.67,1,5,8.00,19,6
"LAN200008230","browk001",21,91,1,0,6.00,1,4,7.00,16,11
"MIL200005040","reyna001",16,80,1,2,5.00,1,3,5.33,12,6
"MIL200007010","damij001",24,89,0,1,5.33,1,4,8.00,21,11
"MIL200008290","parkc002",24,129,1,3,5.67,1,14,8.00,10,7
"NYN200007280","leita001",21,114,0,2,5.00,1,8,7.00,14,8
"NYN200008140","ortir001",21,115,0,6,5.00,1,5,7.00,12,6
"PHI200005200","jarvk001",18,84,0,2,5.33,1,1,6.00,17,7
"PHI200007280","dreid001",21,97,1,2,5.67,1,6,7.00,14,11
"PIT200004060","cordf001",24,108,0,3,7.33,1,7,8.00,16,12
"SDN200007260","eatoa001",21,111,0,2,5.33,1,5,7.00,15,8
"SFN200007041","hernl003",26,132,0,5,6.00,1,7,8.67,18,12
"SFN200009200","ortir001",20,98,1,2,6.00,1,8,6.67,12,10
"SLN200006030","colob001",24,115,0,2,6.00,1,12,8.00,13,11
"SLN200009050","reamb001",17,106,0,4,5.67,1,3,5.67,14,5
"ANA200104140","garcf002",23,126,1,3,5.33,1,6,7.67,17,6
"ANA200104160","muldm001",18,94,0,0,5.00,1,7,6.00,11,3
"ANA200108070","rappp001",21,106,0,1,5.00,1,3,7.00,17,12
"ANA200109040","suppj001",27,112,1,1,6.67,1,4,9.00,23,10
"BAL200104040","nomoh001",27,110,0,3,-1.00,3,11,9.00,16,8
"BOS200104080","martp001",24,112,0,3,5.00,1,16,8.00,8,5
"BOS200104260","nomoh001",21,102,0,5,6.00,1,8,7.00,14,2
"BOS200109020","mussm001",27,116,0,0,8.67,1,13,9.00,14,8
"CHA200105080","washj001",24,125,0,3,6.33,1,6,8.00,18,9
"CHA200106030","spars001",23,101,1,1,5.33,1,4,7.67,20,9
"CHA200108030","buehm001",27,104,1,0,6.00,1,3,9.00,23,10
"CHA200108060","wrigd001",19,115,0,7,6.33,1,4,6.33,14,12
"CHA200109250","glovg001",23,101,0,0,5.00,1,3,7.67,20,9
"CLE200107050","colob001",23,112,0,6,6.00,1,4,7.67,16,8
"CLE200109240","hallr001",19,92,0,1,5.33,1,6,6.33,12,8
"CLE200109280","milte001",21,128,1,6,5.67,1,6,7.00,14,3
"DET200105120","santv001",18,88,0,2,5.33,1,3,6.00,13,1
"DET200105250","holtc001",18,103,0,3,5.00,1,7,6.00,12,9
"KCA200108070","maduc001",18,79,1,0,5.00,1,2,6.00,16,8
"MIN200109180","radkb001",23,104,0,0,7.00,1,8,7.67,16,6
"NYA200107070","appik001",24,107,0,3,5.00,1,8,8.00,14,7
"NYA200107080","ruscg001",17,87,0,2,5.67,1,4,5.67,13,8
"OAK200105190","muldm001",26,102,0,0,6.67,1,3,8.67,24,16
"OAK200105200","buehm001",22,110,0,0,5.33,1,5,7.33,17,10
"SEA200104030","zitob001",21,102,0,4,5.67,1,5,7.00,15,8
"SEA200109070","abbop001",24,117,0,4,5.33,1,4,8.00,20,7
"TBA200106190","waket001",25,113,0,4,8.00,1,8,8.33,19,7
"TBA200107210","olivd001",24,80,0,0,5.33,1,8,8.00,17,10
"TOR200107010","arror001",21,99,0,2,6.00,1,3,7.00,17,9
"TOR200110051","hallr001",27,83,0,0,7.67,1,8,9.00,19,12
"ARI200104100","schic002",27,93,0,0,5.00,1,10,9.00,17,7
"ARI200104270","burkj001",27,103,1,1,5.33,1,5,9.00,21,15
"ARI200107060","muldm001",27,100,0,0,7.00,1,9,9.00,18,15
"CHN200105240","liebj001",27,78,0,1,5.33,1,2,9.00,23,14
"CHN200105250","woodk002",27,114,0,2,6.00,1,14,9.00,13,6
"CHN200106060","woodk002",21,118,0,5,5.00,1,6,7.00,15,5
"CHN200106070","morrm001",23,101,0,1,6.67,1,3,7.67,20,13
"CHN200110060","tavaj001",22,131,2,5,7.33,1,9,7.33,14,12
"CIN200105030","prokl001",15,93,1,5,5.00,1,4,5.00,11,8
"CIN200105160","reitb001",19,87,0,1,5.67,1,0,6.33,19,10
"COL200106030","astap001",27,107,0,2,6.00,1,7,9.00,20,7
"COL200106070","reyns001",23,112,0,2,5.00,1,4,7.67,17,12
"FLO200106260","pennb002",24,118,0,1,5.00,1,13,8.00,13,7
"HOU200108040","oswar001",27,105,1,0,6.00,1,7,9.00,19,10
"LAN200104220","dreid001",21,88,1,0,5.00,1,8,7.00,13,12
"LAN200104290","parkc002",21,119,0,1,6.33,1,10,7.00,12,8
"LAN200105070","browk001",24,113,0,2,5.67,1,10,8.00,13,9
"LAN200107060","garcf002",27,97,0,1,5.33,1,5,9.00,22,14
"LAN200108140","parkc002",24,105,0,2,5.67,1,4,8.00,18,11
"MIL200104070","wrigj001",21,102,0,4,6.33,1,6,7.00,14,8
"MIL200110050","lopea002",27,112,0,2,5.00,1,8,9.00,17,11
"MON200104100","armat002",16,84,0,4,5.00,1,3,5.33,13,6
"MON200105040","millw001",24,101,1,1,5.00,1,4,8.00,19,13
"MON200105160","dreid001",18,102,1,2,5.67,1,9,6.00,9,5
"MON200108070","kiled001",27,124,0,1,5.33,1,5,9.00,21,13
"MON200108210","ortir001",24,120,0,4,6.67,1,3,8.00,21,12
"PHI200105010","daalo001",24,104,0,1,6.00,1,6,8.00,18,10
"PHI200105040","chenb001",20,101,1,2,5.00,1,3,6.67,17,3
"PIT200106010","burkj001",21,91,1,0,5.33,1,6,7.00,16,8
"PIT200107130","ritct001",27,87,1,0,8.33,1,6,9.00,21,14
"SDN200105120","burna001",27,129,1,9,-1.00,3,7,9.00,19,7
"SDN200105260","schic002",27,114,0,1,7.33,1,9,9.00,18,9
"SDN200108190","armat002",26,126,0,2,5.67,1,10,8.67,15,7
"SDN200109020","johnr005",22,133,0,3,5.67,1,14,7.33,8,4
"SDN200109030","smitb004",27,134,0,4,-1.00,3,7,9.00,20,10
"SDN200109050","willw001",27,101,0,0,6.00,1,6,9.00,19,10
"SFN200105070","armat002",18,108,1,3,5.67,1,3,6.00,14,4
"SFN200107210","schic002",21,90,0,2,6.33,1,12,7.00,9,7
"SLN200104120","hermd001",21,93,0,3,6.33,1,3,7.00,16,10
"ANA200205070","washj001",21,109,0,4,5.33,1,7,7.00,14,1
"ANA200208300","callm001",18,86,1,1,5.33,1,5,6.00,12,9
"ANA200208310","ortir002",27,99,0,0,5.33,1,6,9.00,21,12
"ANA200209100","ortir002",18,100,0,4,5.33,1,2,6.00,16,6
"BAL200204050","lowed001",21,81,0,3,7.00,1,1,7.00,19,13
"BAL200204250","martp001",21,103,1,1,5.67,1,10,7.00,11,5
"BAL200208220","stepj001",18,111,0,2,5.00,1,5,6.00,13,5
"BOS200204140","mussm001",20,95,0,0,5.33,1,5,6.67,15,5
"BOS200204270","lowed001",27,97,0,1,-1.00,3,6,9.00,21,13
"CLE200208090","rogek001",24,108,0,1,7.00,1,4,8.00,20,12
"CLE200208240","baezd001",21,107,1,1,5.67,1,7,7.00,13,5
"DET200204070","sabac001",24,106,0,2,7.00,1,2,8.00,21,10
"DET200205220","weavj002",27,125,2,2,7.67,1,11,9.00,16,8
"KCA200208280","zitob001",21,109,0,2,5.33,1,3,7.00,17,11
"MIN200208160","maysj001",27,121,0,2,5.67,1,6,9.00,21,9
"OAK200207190","lidlc001",27,90,0,1,7.00,1,6,9.00,20,13
"OAK200208040","lidlc001",21,96,0,2,5.00,1,6,7.00,13,9
"OAK200209130","zitob001",24,110,0,1,7.00,1,7,8.00,16,6
"SEA200204270","lillt001",24,100,2,1,7.33,1,8,8.00,15,4
"SEA200208310","asenm001",18,99,0,4,5.00,1,2,6.00,16,11
"TOR200206070","hallr001",27,106,2,0,5.00,1,4,9.00,23,15
"CHN200204260","pereo001",27,91,0,0,6.00,1,6,9.00,20,11
"CHN200209280","wellk001",18,91,0,1,5.33,1,5,6.00,14,6
"CIN200208272","finlc001",27,112,0,1,5.33,1,7,9.00,19,9
"CIN200209110","desse001",21,102,0,0,6.67,1,6,7.00,16,8
"COL200205020","thomj005",21,95,1,2,6.33,1,5,7.00,16,6
"COL200205160","hampm001",24,120,0,5,5.00,1,6,8.00,16,8
"FLO200208140","neagd001",21,109,0,4,5.33,1,3,7.00,17,7
"FLO200208190","tavaj001",21,93,0,1,5.00,1,3,7.00,17,6
"HOU200206260","johnr005",24,105,0,3,5.33,1,8,8.00,13,7
"LAN200206250","pereo001",27,87,0,1,5.00,1,6,9.00,20,11
"MON200209290","drewt001",17,90,0,1,5.33,1,6,5.67,11,6
"NYN200204260","estes001",27,114,0,1,6.00,1,8,9.00,18,5
"NYN200204270","astap001",24,105,1,1,6.33,1,2,8.00,21,13
"NYN200206200","tracs001",25,96,0,0,6.33,1,7,8.33,17,10
"NYN200206250","tracs001",16,88,0,1,5.00,1,5,5.33,11,7
"NYN200208050","johnr005",27,113,0,2,5.00,1,11,9.00,16,7
"NYN200208170","pereo001",21,87,0,1,6.33,1,7,7.00,14,8
"PHI200205100","padiv001",27,110,0,3,7.67,1,7,9.00,20,13
"PHI200207210","millk004",24,104,0,2,5.00,1,6,8.00,16,8
"PIT200205280","clemm001",27,112,0,3,6.00,1,8,9.00,18,11
"PIT200207010","wellk001",24,103,1,3,7.33,1,5,8.00,20,14
"PIT200208010","jennj001",21,94,0,2,6.67,1,4,7.00,17,9
"SDN200207130","tomkb001",24,96,0,2,5.33,1,5,8.00,18,11
"SDN200207150","stard001",18,87,0,3,5.33,1,5,6.00,13,4
"SFN200204300","padiv001",24,90,0,0,5.00,1,4,8.00,20,12
"SFN200205190","beckj002",21,89,0,2,5.33,1,5,7.00,16,4
"SFN200205290","schic002",24,111,1,0,5.00,1,9,8.00,15,7
"SFN200205310","jennj001",21,90,0,1,6.33,1,5,7.00,16,7
"SFN200207270","daalo001",18,64,1,1,5.00,1,3,6.00,13,4
"SLN200205030","mossd001",21,116,0,7,-1.00,2,6,7.00,13,10
"SLN200205170","kiled001",21,106,1,5,5.00,1,2,7.00,17,10
"SLN200209290","franw001",21,103,0,6,5.00,1,4,7.00,17,9
"ANA200306150","tracs001",27,119,0,4,5.67,1,1,9.00,25,10
"ANA200309170","zitob001",25,111,0,2,5.33,1,6,8.33,22,10
"CHA200304250","maysj001",21,92,1,0,5.33,1,3,7.00,21,12
"CHA200307190","cornn001",20,93,0,3,6.67,1,3,6.67,20,10
"CHA200308180","washj001",25,101,1,0,6.00,1,2,8.33,27,12
"CLE200305180","andeb002",22,115,0,2,5.00,1,2,7.33,23,15
"DET200304030","lohsk001",24,92,0,0,5.33,1,5,8.00,21,5
"DET200305012","marom001",23,112,1,0,7.00,1,5,7.67,22,16
"KCA200309280","loaie001",22,118,1,3,6.67,1,8,7.33,18,9
"MIN200308210","abbop001",17,85,0,4,5.00,1,4,5.67,15,9
"NYA200306180","clemr001",24,116,0,2,7.33,1,9,8.00,16,12
"NYA200309262","depaj002",19,85,0,1,6.33,1,6,6.33,14,5
"OAK200304260","halaj001",19,103,1,4,6.33,1,4,6.33,18,11
"OAK200306300","moyej001",22,107,0,2,6.33,1,2,7.33,24,13
"SEA200307280","benoj001",21,104,0,2,5.00,1,7,7.00,17,4
"TBA200305090","parqj001",18,100,1,4,6.00,1,2,6.00,16,8
"TOR200306290","ohkat001",27,98,1,0,6.67,1,4,9.00,26,13
"TOR200309060","hallr001",30,99,1,1,7.67,1,5,10.00,28,21
"TOR200309220","bellr003",20,107,0,1,6.00,1,4,6.67,19,9
"ARI200308220","zambc001",27,93,0,2,7.67,1,4,9.00,26,18
"ATL200304240","hampm001",18,81,0,4,5.33,1,1,6.00,19,11
"ATL200306200","maddg002",21,85,1,1,5.67,1,3,7.00,22,14
"CHN200304150","estes001",24,100,1,1,5.00,1,4,8.00,24,12
"CHN200307300","schmj001",18,90,0,2,5.33,1,7,6.00,13,5
"CIN200304250","peavj001",19,82,0,3,5.00,1,9,6.33,11,7
"CIN200306180","woodk002",27,108,0,0,5.67,1,9,9.00,20,9
"CIN200307050","gravd001",21,80,1,1,6.00,1,1,7.00,23,15
"CIN200309230","woodk002",21,122,0,4,6.33,1,12,7.00,11,10
"COL200304040","chacs001",21,87,0,0,5.33,1,8,7.00,15,5
"FLO200308020","pavac001",16,85,0,3,5.00,1,3,5.33,17,8
"HOU200305050","millw001",24,97,0,1,5.33,1,4,8.00,22,15
"HOU200308200","priom001",21,100,0,1,5.00,1,9,7.00,16,6
"LAN200307040","batim001",21,93,0,1,5.00,1,7,7.00,21,8
"LAN200307050","pereo001",24,111,0,0,7.00,1,5,8.00,23,15
"LAN200308060","pereo001",21,92,0,2,5.67,1,8,7.00,14,9
"LAN200308300","stard001",16,87,0,6,5.00,1,0,5.33,18,7
"MIL200305240","nomoh001",27,120,0,4,6.33,1,8,9.00,20,9
"MIL200307070","franw001",18,85,1,3,5.00,1,5,6.00,12,4
"MIL200308220","franw001",21,109,2,3,6.33,1,7,7.00,15,7
"MON200307090","ohkat001",24,101,0,2,6.00,1,5,8.00,21,15
"MON200309100","clemm001",15,86,0,5,-1.00,2,5,5.00,8,6
"NYN200308180","tracs001",27,103,0,0,5.67,1,3,9.00,26,10
"NYN200308310","padiv001",24,100,1,0,6.00,1,5,8.00,21,10
"PHI200304270","millk004",27,108,0,3,-1.00,3,10,9.00,16,4
"PHI200306190","hampm001",22,103,0,3,7.33,1,5,7.33,19,8
"PHI200308010","millk004",27,106,0,1,5.33,1,8,9.00,20,11
"PIT200304090","ritct001",22,93,0,0,5.33,1,6,7.33,21,10
"PIT200308280","foggj001",23,95,2,0,5.67,1,2,7.67,24,11
"PIT200309180","wellk001",21,94,0,2,5.67,1,4,7.00,18,10
"SDN200306220","franr001",18,84,0,1,5.00,1,5,6.00,15,3
"SDN200306240","olivd001",18,74,1,0,5.33,1,0,6.00,21,14
"SDN200308230","eatoa001",22,112,1,2,5.67,1,5,7.33,21,14
"SLN200304020","willw001",20,102,0,1,5.67,1,5,6.67,18,7
"SLN200306050","willw001",24,98,0,1,7.33,1,5,8.00,19,6
"SLN200307110","willw001",24,106,0,2,5.67,1,2,8.00,25,9
"SLN200309070","morrm001",27,100,0,1,6.00,1,8,9.00,22,13
"ANA200406060","sabac001",21,112,0,2,5.33,1,6,7.00,17,7
"ANA200406080","sheeb001",27,103,0,0,6.67,1,5,9.00,24,10
"BAL200406100","cabrd001",21,77,0,1,6.00,1,2,7.00,23,11
"BOS200405300","schic002",23,101,0,1,5.67,1,4,7.67,23,11
"CHA200408110","may-d002",24,110,0,3,5.67,1,6,8.00,23,7
"CLE200407210","buehm001",27,90,0,0,6.33,1,4,9.00,23,15
"CLE200409050","lackj001",22,105,0,3,5.67,1,5,7.33,20,10
"DET200406100","ortir001",18,104,0,5,5.00,1,4,6.00,17,9
"KCA200409010","greiz001",21,96,0,0,5.00,1,5,7.00,18,5
"KCA200410030","contj002",24,101,0,2,6.00,1,4,8.00,21,11
"MIN200406020","waecd001",21,105,0,2,5.67,1,1,7.00,22,10
"MIN200406030","santj003",23,114,0,4,5.00,1,7,7.67,19,7
"MIN200407220","brazd001",17,102,0,4,5.00,1,5,5.67,14,5
"MIN200409030","santj003",21,106,0,1,6.00,1,11,7.00,12,5
"MIN200409140","garcf002",16,96,1,5,5.33,1,2,5.33,15,7
"NYA200409180","liebj001",25,98,0,1,6.67,1,7,8.33,22,9
"OAK200405210","muldm001",27,108,3,0,6.00,1,6,9.00,21,9
"OAK200407200","bushd001",24,107,1,3,7.33,1,6,8.00,18,5
"OAK200408250","chenb001",21,99,0,4,5.67,1,3,7.00,21,4
"TBA200404070","abbop001",18,105,0,2,5.33,1,3,6.00,20,11
"TBA200406100","zambv001",19,115,0,6,6.00,1,6,6.33,15,4
"TBA200406250","brazd001",23,125,1,6,7.67,1,5,7.67,19,11
"TOR200405030","gobbj001",26,109,0,0,5.33,1,1,8.67,31,16
"TOR200405180","batim001",18,105,0,5,5.00,1,5,6.00,13,11
"ARI200407230","fossc001",22,108,1,4,6.00,1,7,7.33,18,11
"ARI200407250","jennj001",24,114,0,3,5.33,1,7,8.00,21,9
"ATL200405180","johnr005",27,117,0,0,-1.00,3,13,9.00,14,7
"ATL200408010","byrdp001",17,91,0,1,5.00,1,5,5.67,16,6
"CHN200404250","clemm001",24,115,0,2,6.33,1,13,8.00,13,7
"CHN200408230","zambc001",20,115,0,3,6.33,1,9,6.67,15,7
"CIN200405200","kennj001",21,89,1,1,5.00,1,9,7.00,16,9
"CIN200406250","wellk001",20,110,0,2,5.33,1,7,6.67,16,10
"CIN200408290","gonze001",21,103,0,2,6.00,1,3,7.00,19,11
"FLO200404110","beckj002",21,100,2,1,5.67,1,11,7.00,12,6
"FLO200406020","willd003",24,100,0,1,6.67,1,5,8.00,21,11
"FLO200408100","beckj002",18,98,0,3,5.67,1,5,6.00,14,6
"FLO200408110","suppj001",24,100,0,2,5.00,1,2,8.00,24,15
"FLO200409210","lidlc001",20,93,1,1,6.33,1,2,6.67,21,16
"LAN200408080","myerb001",24,113,0,2,5.00,1,9,8.00,17,9
"MON200406200","garlj001",25,110,0,3,5.67,1,7,8.33,21,12
"MON200407250","hernl003",25,96,0,2,6.00,1,6,8.33,24,14
"MON200408140","armat002",15,77,0,2,-1.00,2,5,5.00,10,3
"MON200409040","ortir001",27,108,0,3,5.00,1,5,9.00,23,12
"NYN200405060","schmj001",21,123,0,3,5.33,1,10,7.00,13,7
"NYN200405230","glavt001",27,113,0,1,7.67,1,8,9.00,20,10
"PHI200407250","milte001",26,108,0,1,8.00,1,12,8.67,16,3
"PIT200405070","alvaw001",21,85,0,0,5.00,1,5,7.00,17,9
"PIT200406280","suppj001",24,115,0,1,6.67,1,7,8.00,19,8
"PIT200409120","willd002",21,78,0,1,6.00,1,5,7.00,17,11
"SDN200407030","eatoa001",21,98,1,1,7.00,1,10,7.00,13,5
"SDN200407260","peavj001",16,86,1,3,5.33,1,5,5.33,15,6
"SFN200404160","schmj001",21,94,0,3,5.33,1,4,7.00,17,7
"SFN200406200","schmj001",27,133,0,2,5.00,1,9,9.00,20,7
"SFN200408030","lowrn001",27,120,0,2,6.00,1,9,9.00,21,11
"SLN200407230","hermd001",20,95,0,1,6.33,1,5,6.67,18,5
"SLN200408070","willw001",21,109,1,2,5.33,1,5,7.00,18,9
"BOS200506140","welld001",21,110,1,2,5.67,1,5,7.00,17,9
"CHA200504150","garlj001",21,87,0,2,6.33,1,3,7.00,19,11
"CHA200508170","santj003",25,119,1,1,6.00,1,10,8.33,21,6
"CLE200505010","limaj001",17,100,1,4,5.33,1,2,5.67,19,6
"CLE200509140","westj001",21,101,0,3,5.00,1,3,7.00,19,13
"DET200505050","arrob001",24,113,0,2,6.33,1,8,8.00,19,4
"DET200505200","webbb001",24,113,0,1,6.33,1,8,8.00,22,17
"KCA200509030","domij001",22,109,0,4,6.00,1,2,7.33,22,9
"MIN200505220","santj003",21,108,0,1,5.67,1,11,7.00,15,7
"MIN200508230","garcf002",24,95,0,2,7.00,1,3,8.00,22,16
"MIN200509020","sabac001",22,112,0,1,5.67,1,7,7.33,18,12
"MIN200509260","howej003",15,97,1,3,-1.00,2,7,5.00,8,5
"NYA200507260","johnr005",24,97,1,0,5.67,1,11,8.00,14,7
"OAK200507140","hardr001",27,81,0,0,7.33,1,8,9.00,21,10
"OAK200507150","zitob001",24,108,0,2,7.33,1,5,8.00,20,10
"SEA200508310","johnr005",21,116,0,2,5.00,1,7,7.00,18,11
"TBA200506290","towej001",21,89,1,1,6.33,1,7,7.00,16,6
"TOR200504240","ponss001",27,131,0,4,5.33,1,7,9.00,26,13
"TOR200506140","carpc002",27,95,0,1,5.67,1,10,9.00,17,11
"TOR200509030","mccls002",24,123,1,3,5.00,1,6,8.00,21,9
"TOR200509210","hernf002",22,106,0,3,6.33,1,6,7.33,18,15
"ARI200507230","halsb001",23,95,1,1,5.67,1,1,7.67,26,10
"ARI200508250","martp001",18,100,1,4,5.33,1,6,6.00,13,6
"CHN200505210","zambc001",21,108,2,3,5.67,1,8,7.00,13,4
"CIN200505060","pennb002",21,89,0,2,5.33,1,4,7.00,18,9
"HOU200506250","younc003",21,104,1,1,5.67,1,4,7.00,20,8
"LAN200505130","weavj002",23,119,0,2,5.33,1,7,7.67,22,8
"LAN200508140","martp001",24,97,0,1,7.33,1,5,8.00,21,10
"LAN200509090","willw001",17,106,0,5,5.33,1,6,5.67,12,8
"MIL200504180","pereo001",19,85,0,2,6.00,1,3,6.33,16,6
"MIL200507310","capuc001",24,111,0,2,5.00,1,3,8.00,23,9
"NYN200506070","martp001",27,110,0,1,6.33,1,12,9.00,16,8
"NYN200509200","burna001",24,98,0,1,6.00,1,9,8.00,18,10
"PHI200507210","pereo001",21,98,0,1,5.00,1,7,7.00,16,9
"PHI200508050","sheeb001",27,126,1,2,5.67,1,7,9.00,24,12
"PIT200504250","pereo002",23,121,1,2,5.67,1,9,7.67,17,4
"PIT200509300","pereo002",15,104,1,7,5.00,1,4,5.00,13,4
"SFN200508260","tracs001",24,108,0,2,5.67,1,6,8.00,20,10
"SLN200505280","suppj001",21,101,1,3,5.33,1,2,7.00,21,14
"SLN200509060","ruscg001",23,109,0,1,6.00,1,3,7.67,23,12
"WAS200505170","oberw001",24,108,0,0,6.33,1,4,8.00,22,13
"WAS200507230","armat002",21,111,1,3,5.33,1,5,7.00,17,5
"ANA200605170","jansc001",24,88,0,0,5.33,1,3,8.00,23,10
"ANA200605310","lirif001",18,104,0,4,5.33,1,4,6.00,14,12
"ANA200609130","garcf002",24,102,0,0,7.67,1,3,8.00,22,9
"BAL200608200","hallr001",21,99,0,1,5.33,1,2,7.00,23,16
"BOS200606230","beckj002",24,104,0,0,5.33,1,8,8.00,18,8
"BOS200610010","hansd002",15,61,0,1,-1.00,2,6,5.00,8,4
"CHA200604190","vazqj001",24,108,0,1,6.33,1,7,8.00,18,6
"CHA200605060","vazqj001",23,116,0,0,5.00,1,6,7.67,20,10
"CHA200606220","reyea002",24,90,0,0,6.33,1,6,8.00,20,6
"CHA200608090","johnr005",18,86,0,2,6.00,1,5,6.00,16,7
"CHA200608110","contj002",27,101,0,1,5.67,1,5,9.00,25,14
"DET200605290","johnr005",18,91,0,3,5.67,1,4,6.00,16,7
"KCA200609060","johnr005",21,81,0,2,6.00,1,8,7.00,12,4
"MIN200605070","santj003",21,102,1,1,6.00,1,11,7.00,14,5
"NYA200609280","cabrd001",27,106,0,2,8.33,1,5,9.00,23,14
"OAK200607010","batim001",27,122,0,1,6.67,1,6,9.00,24,16
"SEA200608090","washj001",20,106,0,1,5.00,1,4,6.67,19,5
"SEA200608270","baekc001",17,107,0,5,5.33,1,4,5.67,14,3
"TEX200608250","zitob001",25,114,0,2,7.00,1,2,8.33,26,9
"TEX200609150","weavj003",21,105,0,3,5.33,1,9,7.00,13,3
"TOR200605070","jansc001",22,86,0,1,5.33,1,3,7.33,22,16
"TOR200605080","hallr001",27,98,1,1,5.00,1,6,9.00,24,18
"TOR200609250","marcs001",24,113,0,1,5.33,1,10,8.00,16,8
"ATL200608210","smolj001",24,109,0,1,5.33,1,10,8.00,18,10
"CHN200605170","marss002",18,100,0,4,5.00,1,6,6.00,13,7
"CHN200605260","zambc001",20,124,0,6,6.67,1,8,6.67,14,5
"CHN200607150","zambc001",18,103,0,4,5.00,1,7,6.00,15,11
"CIN200605130","liebj001",26,110,0,0,6.67,1,6,8.67,22,12
"CIN200608030","maddg002",18,72,0,3,-1.00,2,3,6.00,13,9
"CIN200608040","jamec002",16,86,0,3,5.33,1,3,5.33,15,4
"COL200605200","franj003",18,86,0,3,5.00,1,2,6.00,17,6
"COL200607240","franj003",27,129,0,0,5.00,1,8,9.00,21,12
"FLO200605270","glavt001",23,102,0,0,5.00,1,9,7.67,19,9
"FLO200607140","sanca004",21,87,1,1,5.00,1,2,7.00,20,10
"FLO200609060","sanca004",27,103,0,4,-1.00,3,6,9.00,21,12
"HOU200604240","petta001",21,101,0,3,6.33,1,5,7.00,15,11
"HOU200606050","zambc001",24,126,0,2,7.33,1,8,8.00,16,8
"HOU200606160","elars001",18,82,0,0,5.33,1,4,6.00,17,4
"HOU200609030","oswar001",23,109,0,1,6.00,1,9,7.67,17,9
"HOU200609160","hamec001",23,116,1,4,6.67,1,11,7.67,14,6
"LAN200609150","maddg002",21,68,0,3,6.33,1,1,7.00,18,9
"MIL200608090","bushd001",24,103,2,1,5.33,1,6,8.00,21,9
"NYN200604050","bannb001",18,100,2,4,5.33,1,4,6.00,15,6
"NYN200604190","hudst001",27,97,1,1,5.00,1,6,9.00,23,17
"NYN200607260","priom001",17,103,0,5,-1.00,2,3,5.67,13,6
"PHI200607280","nolar001",22,108,1,5,6.67,1,3,7.33,19,13
"PHI200609040","hamec001",24,99,0,0,5.67,1,8,8.00,19,9
"PIT200604190","carpc002",24,110,1,1,5.33,1,6,8.00,19,10
"PIT200606040","younc003",24,91,0,1,5.33,1,4,8.00,22,3
"PIT200609132","sheeb001",24,100,0,0,6.00,1,10,8.00,15,6
"SDN200605060","marss002",18,90,0,3,5.33,1,6,6.00,15,4
"SDN200605300","younc003",24,110,0,2,7.00,1,8,8.00,17,2
"SDN200608170","cainm001",16,104,0,6,5.33,1,8,5.33,9,1
"SDN200609220","younc003",26,107,0,3,8.33,1,6,8.67,20,6
"SFN200604240","cainm001",21,97,0,0,5.00,1,3,7.00,23,13
"SFN200606190","cainm001",24,131,0,4,7.67,1,10,8.00,15,6
"SFN200609080","cainm001",21,119,0,3,5.33,1,5,7.00,17,6
"WAS200609040","ortir002",26,95,0,3,8.00,1,5,8.67,22,7
"ANA200705080","lee-c003",27,102,1,2,5.33,1,2,9.00,27,9
"BOS200704110","hernf002",27,111,0,2,7.00,1,6,9.00,21,17
"BOS200708130","waket001",24,100,0,2,6.00,1,6,8.00,19,6
"BOS200709010","buchc001",27,115,1,3,-1.00,3,9,9.00,17,6
"CHA200704180","buehm001",27,106,0,1,-1.00,3,8,9.00,18,11
"CLE200707250","carmf001",24,113,1,2,5.33,1,6,8.00,18,14
"CLE200707280","santj003",21,114,0,1,5.67,1,12,7.00,13,4
"DET200706120","verlj001",27,112,0,4,-1.00,3,12,9.00,14,10
"DET200708210","jurrj001",20,78,0,4,5.33,1,1,6.67,18,7
"KCA200706130","waina001",24,110,0,2,5.67,1,3,8.00,23,11
"KCA200708100","marcs001",20,81,1,2,6.67,1,4,6.67,15,8
"MIN200708312","bakes002",27,111,0,1,8.33,1,9,9.00,19,5
"MIN200709160","jurrj001",16,90,0,1,5.33,1,6,5.33,12,1
"NYA200705050","wangc001",24,103,0,0,7.33,1,4,8.00,21,14
"NYA200706300","gaudc001",21,96,0,3,5.33,1,4,7.00,18,12
"NYA200708290","clemr001",18,98,1,5,5.33,1,2,6.00,17,8
"NYA200708300","wangc001",21,103,0,4,6.00,1,5,7.00,16,10
"OAK200705160","pereo001",18,96,1,2,5.00,1,4,6.00,15,7
"OAK200706070","schic002",27,100,0,0,8.67,1,4,9.00,25,12
"OAK200707200","bedae001",21,105,0,3,5.67,1,11,7.00,11,4
"SEA200704290","baekc001",19,96,0,2,5.67,1,6,6.33,17,7
"TEX200705010","hughp001",19,80,0,3,-1.00,2,6,6.33,11,8
"TOR200705130","marcs001",18,78,0,3,-1.00,2,7,6.00,11,5
"TOR200706240","mcgod001",27,109,0,1,8.00,1,7,9.00,21,14
"TOR200707080","towej001",24,92,0,0,5.67,1,4,8.00,23,12
"ARI200706220","cabrd001",18,109,0,3,5.00,1,6,6.00,15,7
"ATL200706052","vandr001",18,86,0,2,6.00,1,4,6.00,15,5
"ATL200709070","smolj001",21,109,0,2,7.00,1,10,7.00,13,10
"ATL200709220","smolj001",24,109,0,3,5.67,1,8,8.00,17,7
"CHN200705090","marqj001",27,110,0,0,5.33,1,5,9.00,25,7
"CHN200706160","zambc001",27,123,0,5,7.33,1,6,9.00,22,12
"CIN200709270","belim001",21,80,0,1,6.00,1,4,7.00,19,5
"CIN200709290","hillr001",18,79,0,1,5.67,1,4,6.00,15,3
"COL200705110","foggj001",22,99,0,2,5.00,1,5,7.33,22,8
"COL200709300","jimeu001",19,108,1,4,5.33,1,10,6.33,10,2
"FLO200704180","mainj001",21,107,0,4,6.00,1,7,7.00,14,7
"FLO200705060","peavj001",21,106,1,2,5.33,1,10,7.00,13,5
"FLO200705090","tomkb001",20,89,0,2,5.33,1,6,6.67,19,9
"HOU200705170","oswar001",21,105,0,2,5.67,1,6,7.00,18,12
"HOU200705180","tejer001",15,95,1,4,5.00,1,6,5.00,10,4
"MIL200704060","hillr001",21,78,0,0,5.00,1,6,7.00,18,4
"MIL200707140","loper001",21,97,0,2,5.67,1,5,7.00,17,4
"NYN200709080","glavt001",21,86,0,0,5.00,1,4,7.00,19,10
"NYN200709290","mainj001",23,115,0,2,7.67,1,14,7.67,9,2
"PHI200704290","moyej001",22,100,0,2,6.67,1,5,7.33,18,6
"PHI200705160","hamec001",24,114,0,1,6.00,1,11,8.00,15,9
"PHI200706010","morrm001",18,93,0,3,5.67,1,3,6.00,15,11
"PHI200706270","moyej001",18,89,0,3,5.67,1,8,6.00,13,7
"PIT200704280","belim001",27,91,0,0,5.33,1,5,9.00,25,12
"PIT200705120","jamec002",21,99,0,3,6.33,1,3,7.00,18,5
"PIT200706040","lowed001",23,91,0,1,6.00,1,6,7.67,21,17
"SDN200704090","cainm001",21,115,1,5,6.00,1,4,7.00,18,4
"SDN200705140","maddg002",27,96,0,0,5.33,1,5,9.00,26,14
"SFN200709080","welld001",21,75,0,0,5.33,1,4,7.00,21,13
"WAS200704080","hernl003",21,105,0,3,5.67,1,1,7.00,23,8
"WAS200704280","willj003",18,85,0,5,5.33,1,1,6.00,17,9
"WAS200705110","hills003",15,65,0,2,-1.00,2,5,5.00,10,6
"WAS200705140","bergj001",24,110,0,1,7.00,1,10,8.00,16,5
"BOS200805190","lestj001",27,130,0,2,-1.00,3,9,9.00,18,11
"BOS200807290","lackj001",27,120,1,2,8.33,1,4,9.00,25,10
"BOS200809250","lestj001",18,86,1,1,5.00,1,4,6.00,16,10
"CHA200804120","floyg001",22,107,0,4,7.33,1,4,7.33,17,8
"CHA200804261","dankj001",19,92,0,0,5.00,1,4,6.33,19,7
"CHA200805060","floyg001",25,105,0,3,8.33,1,4,8.33,23,10
"CHA200806180","buehm001",24,96,0,2,5.00,1,3,8.00,24,10
"CHA200807060","dankj001",19,106,0,2,5.00,1,9,6.33,14,3
"CHA200808110","dankj001",21,103,1,2,6.33,1,9,7.00,14,4
"CHA200808230","vazqj001",21,90,0,1,5.67,1,4,7.00,22,12
"CHA200809091","burna001",21,112,1,1,5.00,1,7,7.00,18,11
"CLE200804030","dankj001",20,87,0,2,5.00,1,2,6.67,21,13
"CLE200804280","laffa001",17,78,2,1,5.00,1,1,5.67,20,13
"CLE200807270","sowej001",24,101,0,1,5.00,1,5,8.00,21,11
"DET200804050","willd003",15,89,0,7,5.00,1,0,5.00,14,5
"DET200804260","galaa002",18,82,0,2,5.67,1,3,6.00,20,15
"KCA200807230","galaa002",21,87,0,1,6.00,1,7,7.00,17,10
"MIN200807200","bakes002",24,106,0,1,5.67,1,8,8.00,18,5
"MIN200808010","sowej001",20,96,0,0,5.00,1,4,6.67,21,10
"OAK200805240","duchj001",24,101,1,0,6.33,1,4,8.00,21,4
"OAK200809210","morrb001",19,113,0,5,5.33,1,6,6.33,15,4
"SEA200809050","morrb001",23,106,0,3,7.67,1,8,7.67,16,7
"TBA200808190","sante001",21,106,0,2,5.33,1,9,7.00,14,8
"TEX200808150","garzm001",27,119,0,2,5.67,1,9,9.00,19,10
"TOR200808060","marcs001",21,89,0,2,5.00,1,7,7.00,16,6
"ARI200807040","baekc001",18,94,0,1,5.67,1,7,6.00,12,6
"ARI200807210","hardr001",21,112,0,2,5.00,1,10,7.00,12,4
"ARI200808060","karsj001",27,113,0,1,7.67,1,4,9.00,24,11
"CHN200808200","lillt001",21,100,0,2,5.00,1,7,7.00,17,7
"CIN200804030","cuetj001",21,92,0,0,5.00,1,10,7.00,12,4
"CIN200805160","cuetj001",18,96,0,2,5.00,1,7,6.00,15,7
"CIN200806010","cuetj001",21,100,0,1,5.00,1,3,7.00,22,9
"COL200805170","hernl003",22,101,0,0,5.00,1,0,7.33,29,16
"FLO200806120","moyej001",24,102,0,1,5.33,1,3,8.00,23,11
"FLO200806260","garzm001",27,108,0,1,6.00,1,10,9.00,17,8
"FLO200807220","vandr001",15,94,0,5,-1.00,2,7,5.00,8,3
"FLO200808030","olses001",18,94,0,2,5.33,1,6,6.00,12,6
"FLO200809140","balec001",20,98,0,3,5.67,1,5,6.67,18,3
"HOU200808110","sancj002",21,91,1,1,5.00,1,2,7.00,23,10
"HOU200809140","zambc001",27,110,1,1,-1.00,3,10,9.00,16,12
"HOU200809150","lillt001",21,88,0,1,6.00,1,9,7.00,13,5
"LAN200805110","kuroh001",20,96,1,3,6.67,1,5,6.67,16,6
"LAN200806280","weavj003",18,97,1,3,-1.00,2,6,6.00,13,6
"LAN200807070","kuroh001",27,91,0,0,7.00,1,6,9.00,22,15
"LAN200807090","lowed001",23,85,0,1,6.00,1,4,7.67,21,17
"MIL200804050","parrm001",16,95,0,2,5.00,1,7,5.33,14,6
"MIL200806190","bushd001",24,106,1,1,7.00,1,2,8.00,24,10
"MIL200808100","lannj001",18,101,0,5,5.33,1,6,6.00,14,10
"MIL200809070","younc003",27,96,0,0,7.67,1,5,9.00,24,5
"MIL200809270","lillt001",18,80,0,1,6.00,1,4,6.00,17,8
"NYN200805150","pelfm001",23,100,1,3,6.00,1,4,7.67,21,10
"PHI200806040","myerb001",22,115,0,6,6.67,1,8,7.33,14,3
"SDN200804150","wolfr001",21,112,0,4,6.67,1,9,7.00,12,4
"SDN200807290","david002",23,124,0,2,6.67,1,8,7.67,17,11
"SFN200804120","cainm001",20,95,0,3,6.00,1,5,6.67,18,8
"SFN200806170","sancj002",21,101,0,3,5.00,1,8,7.00,18,12
"SLN200807230","sabac001",27,106,0,2,5.67,1,7,9.00,22,13
"WAS200809010","reddt001",17,106,2,3,5.33,1,2,5.67,16,5
"ANA200908090","holld003",27,96,0,1,5.67,1,8,9.00,22,9
"BAL200908310","petta001",24,104,0,0,6.67,1,8,8.00,19,11
"BOS200906060","lestj001",27,107,0,2,6.33,1,11,9.00,18,6
"BOS200909300","hallr001",27,100,1,2,5.33,1,6,9.00,23,13
"CHA200905070","buehm001",24,110,0,2,6.33,1,5,8.00,20,7
"CHA200907230","buehm001",27,116,0,0,-1.00,3,6,9.00,21,11
"CHA200909050","floyg001",24,106,0,0,5.67,1,11,8.00,16,7
"CHA200909250","bonie002",20,94,0,4,5.67,1,3,6.67,18,10
"CLE200906140","lee-c003",27,93,0,2,7.00,1,6,9.00,24,14
"CLE200909130","davik002",18,108,0,6,5.00,1,3,6.00,15,7
"DET200906030","beckj002",23,119,1,2,6.67,1,9,7.67,17,8
"MIN200905030","bakes002",18,104,0,1,6.00,1,4,6.00,19,3
"MIN200907280","buehm001",19,97,1,1,5.67,1,3,6.33,21,15
"NYA200908080","sabac001",23,123,0,2,5.67,1,9,7.67,15,6
"OAK200904120","cahit001",21,97,1,3,6.33,1,3,7.00,18,10
"OAK200904150","waket001",27,111,0,2,7.33,1,4,9.00,28,10
"OAK200907190","andeb004",24,104,0,0,6.67,1,6,8.00,19,11
"SEA200907290","rowlr002",21,89,1,0,6.00,1,4,7.00,20,2
"TBA200904140","burna001",24,103,0,1,6.00,1,9,8.00,17,8
"TBA200904300","garzm001",23,108,0,1,6.00,1,10,7.67,13,7
"TBA200908020","shiej002",22,107,0,4,7.00,1,6,7.33,18,7
"TOR200905040","tallb001",21,94,1,3,6.33,1,5,7.00,22,9
"TOR200906260","romer002",21,106,0,1,6.00,1,7,7.00,15,11
"TOR200908260","rzepm001",18,116,0,5,5.67,1,7,6.00,13,6
"TOR200909040","hallr001",27,111,0,3,5.33,1,9,9.00,19,10
"ATL200906020","wellr001",21,83,1,0,6.67,1,4,7.00,19,5
"ATL200907010","jurrj001",21,97,0,4,6.67,1,6,7.00,17,5
"ATL200908210","sanca004",18,82,0,2,5.33,1,7,6.00,11,6
"CHN200904130","lillt001",20,104,0,2,6.67,1,8,6.67,13,3
"CHN200908110","hardr001",21,87,0,2,5.67,1,6,7.00,17,5
"COL200907050","jimeu001",19,116,0,5,5.67,1,8,6.33,15,8
"COL200908230","linct001",21,121,1,5,5.33,1,7,7.00,17,6
"FLO200904120","johnj009",27,113,0,1,5.33,1,7,9.00,25,16
"FLO200905170","kersc001",21,112,0,4,7.00,1,9,7.00,13,6
"FLO200906080","wests001",24,104,0,1,6.00,1,6,8.00,20,6
"FLO200908140","johnj009",22,114,0,3,6.67,1,11,7.33,12,4
"FLO200908310","johnj009",20,100,0,3,5.67,1,8,6.67,15,8
"LAN200908190","waina001",21,99,0,1,5.33,1,3,7.00,21,12
"MIL200905250","gally001",24,126,0,4,5.00,1,6,8.00,20,9
"MIL200905250","carpc002",24,93,0,0,6.00,1,10,8.00,15,8
"NYN200906270","burna001",21,108,0,3,5.00,1,10,7.00,12,6
"PHI200904230","bushd001",23,113,2,3,7.33,1,4,7.67,20,9
"PHI200908190","lee-c003",27,106,1,0,5.33,1,11,9.00,19,8
"PHI200909170","hamec001",24,109,0,1,5.00,1,10,8.00,19,8
"PIT200908040","petiy001",24,108,0,3,7.00,1,4,8.00,22,6
"SFN200904190","johnr005",21,73,0,2,6.00,1,7,7.00,13,9
"SFN200906210","zitob001",21,94,0,4,6.00,1,8,7.00,14,6
"SFN200907090","linct001",20,108,0,4,6.00,1,8,6.67,14,8
"SFN200907100","sancj002",27,110,0,0,-1.00,3,11,9.00,17,6
"SFN200907310","lee-c003",27,109,0,2,5.33,1,6,9.00,23,11
"SLN200904090","carpc002",21,92,0,2,6.67,1,7,7.00,17,13
"SLN200908020","norrb001",21,91,0,4,5.00,1,5,7.00,18,9
"WAS200909230","billc001",18,87,0,4,5.67,1,9,6.00,10,7
"ANA201007030","chenb001",22,94,0,1,6.00,1,3,7.33,21,10
"BAL201008170","frenl001",23,107,0,3,5.33,1,3,7.67,22,11
"CHA201005080","peavj001",24,119,0,0,5.33,1,8,8.00,19,9
"CHA201007080","dankj001",27,111,0,0,6.00,1,7,9.00,23,10
"CHA201008010","floyg001",21,110,0,3,5.33,1,5,7.00,20,10
"CHA201009170","jacke001",19,103,0,4,5.67,1,5,6.33,16,6
"CLE201005030","cecib001",24,111,0,2,6.67,1,10,8.00,15,9
"CLE201009110","blacn001",24,94,0,2,5.00,1,3,8.00,25,17
"DET201006020","galaa002",27,88,0,0,8.67,1,3,9.00,25,15
"KCA201004260","davik002",18,108,0,3,5.33,1,5,6.00,14,8
"MIN201008150","slowk001",21,106,1,3,-1.00,2,5,7.00,16,6
"NYA201009250","lestj001",21,102,0,3,5.33,1,8,7.00,13,8
"OAK201004210","hughp001",22,101,0,2,7.00,1,10,7.33,13,4
"OAK201005030","hardr001",21,108,0,0,5.33,1,9,7.00,15,6
"OAK201005090","bradd002",27,109,0,0,-1.00,3,6,9.00,21,7
"OAK201008160","marcs001",27,103,1,1,6.00,1,5,9.00,23,8
"SEA201004120","rowlr002",21,96,0,5,5.00,1,1,7.00,21,9
"SEA201004190","fistd001",21,95,1,1,6.00,1,3,7.00,20,11
"SEA201005020","fistd001",24,100,0,0,5.33,1,3,8.00,24,15
"SEA201005070","weavj003",22,118,0,3,6.67,1,7,7.33,17,10
"SEA201007100","vazqj001",21,117,0,2,5.67,1,7,7.00,17,4
"SEA201007220","lackj001",24,116,1,1,7.67,1,6,8.00,20,8
"SEA201007240","lestj001",23,124,0,1,5.33,1,13,7.67,15,11
"SEA201009030","frenl001",21,99,0,3,6.33,1,4,7.00,16,2
"SEA201009170","hernf002",24,98,0,1,7.00,1,8,8.00,19,9
"TBA201004100","sabac001",23,111,0,2,7.67,1,5,7.67,19,11
"TBA201006080","niemj001",27,114,1,1,5.33,1,6,9.00,22,11
"TBA201006250","jacke001",27,149,1,8,-1.00,3,6,9.00,21,11
"TBA201007260","garzm001",27,120,0,1,-1.00,3,6,9.00,20,8
"TBA201007260","schem001",17,108,0,4,5.67,1,8,5.67,11,3
"TEX201004050","marcs001",21,93,1,1,6.33,1,6,7.00,17,5
"TEX201007100","tillc001",22,109,0,1,6.33,1,3,7.33,21,12
"TEX201008230","hardr001",20,111,0,5,-1.00,2,6,6.67,12,4
"TEX201009120","lee-c003",24,109,0,3,5.33,1,5,8.00,20,13
"TOR201004130","romer002",24,101,1,2,7.00,1,12,8.00,13,10
"TOR201004190","morrb001",21,90,0,2,5.33,1,8,7.00,14,9
"TOR201005310","morrb001",21,91,0,2,5.67,1,1,7.00,20,9
"TOR201006060","vazqj001",21,106,0,4,5.67,1,9,7.00,13,4
"TOR201007110","litsj001",21,99,0,1,5.67,1,5,7.00,20,10
"TOR201008080","morrb001",27,137,0,2,8.67,1,17,9.00,12,3
"ATL201004170","jimeu001",27,128,0,6,-1.00,3,7,9.00,18,7
"CHN201005100","lillt001",21,92,0,0,5.33,1,1,7.00,27,13
"CHN201006130","lillt001",24,108,2,1,8.00,1,3,8.00,21,5
"CHN201006130","floyg001",24,109,0,3,6.67,1,9,8.00,16,11
"CHN201007030","wellr001",23,99,0,1,6.00,1,5,7.67,22,9
"CHN201008080","woodt004",19,77,0,2,5.33,1,3,6.33,20,7
"CIN201004230","corrk001",17,97,0,3,5.00,1,5,5.67,14,8
"CIN201005090","leakm001",21,91,0,1,5.00,1,6,7.00,18,12
"CIN201009280","rodrw002",18,108,1,4,5.00,1,8,6.00,12,7
"CIN201010010","woodt004",19,103,1,1,5.33,1,6,6.33,16,5
"COL201009240","linct001",24,106,0,0,5.00,1,9,8.00,17,12
"COL201009260","cainm001",27,113,0,1,7.33,1,8,9.00,23,13
"FLO201005060","cainm001",21,108,0,3,5.67,1,6,7.00,18,7
"FLO201005290","hallr001",27,115,0,0,-1.00,3,11,9.00,16,8
"HOU201009170","rodrw002",18,120,0,6,5.00,1,10,6.00,11,3
"LAN201007110","padiv001",24,106,1,1,5.00,1,6,8.00,19,7
"LAN201008040","padiv001",27,105,0,2,6.33,1,9,9.00,19,10
"LAN201008300","kuroh001",23,102,1,2,7.33,1,7,7.67,16,5
"LAN201009010","oswar001",19,115,0,6,5.67,1,6,6.33,15,5
"LAN201010020","billc001",22,113,1,1,5.00,1,9,7.33,17,8
"MIL201006240","gally001",27,122,0,0,5.33,1,12,9.00,20,10
"NYN201008130","dickr001",27,105,0,1,5.33,1,7,9.00,21,8
"PHI201005220","matsd001",24,112,0,4,7.67,1,5,8.00,18,5
"PHI201006070","hamec001",24,121,0,2,6.33,1,6,8.00,20,10
"PHI201007100","woodt004",27,109,0,0,8.00,1,8,9.00,20,5
"PHI201008070","santj003",22,102,0,3,5.67,1,6,7.33,21,8
"SDN201005160","leblw001",21,99,0,3,5.33,1,4,7.00,17,8
"SDN201006280","jimeu001",18,98,0,4,5.00,1,7,6.00,15,5
"SDN201007310","nolar001",25,114,0,1,5.00,1,7,8.33,22,7
"SFN201005130","latom001",27,106,0,0,5.00,1,6,9.00,22,11
"SLN201004170","garcj004",21,97,0,2,5.00,1,5,7.00,17,12
"SLN201009190","waina001",24,114,0,3,5.00,1,7,8.00,22,9
"WAS201005060","olses001",22,97,0,1,7.33,1,8,7.33,17,11
"WAS201009070","gee-d001",21,86,0,3,5.00,1,4,7.00,19,11
"ANA201104210","beckj002",24,125,0,2,5.00,1,5,8.00,21,11
"ANA201109070","willj003",24,84,0,1,5.00,1,5,8.00,20,12
"BAL201106100","arrij001",21,98,0,3,5.00,1,4,7.00,16,9
"BAL201107220","sante001",23,105,0,1,5.33,1,1,7.67,26,13
"BAL201108060","morrb001",23,98,1,1,5.00,1,6,7.67,22,8
"CHA201104110","buehm001",24,99,0,1,5.00,1,1,8.00,24,12
"CHA201105030","lirif001",27,123,0,6,-1.00,3,2,9.00,22,9
"CHA201106260","humbp001",20,109,1,3,5.00,1,4,6.67,18,10
"CHA201108140","dankj001",18,105,0,4,5.67,1,6,6.00,16,7
"CHA201109250","floyg001",24,121,0,2,5.00,1,10,8.00,16,7
"CLE201105200","woodt004",16,94,1,2,5.33,1,3,5.33,15,7
"CLE201106180","carrc003",19,102,0,1,5.00,1,4,6.33,19,12
"CLE201106210","chacj001",20,115,0,6,5.33,1,7,6.67,14,11
"CLE201107040","tomlj001",21,90,0,1,6.00,1,5,7.00,20,10
"CLE201107270","sante001",27,105,0,1,-1.00,3,10,9.00,18,13
"DET201104230","pennb002",21,95,1,2,5.33,1,3,7.00,19,12
"DET201105050","burna001",21,113,2,1,5.00,1,5,7.00,21,14
"DET201105130","verlj001",24,105,0,3,5.67,1,7,8.00,19,8
"DET201106140","verlj001",27,117,1,1,7.33,1,12,9.00,16,10
"DET201107310","verlj001",24,114,0,2,7.67,1,9,8.00,18,9
"DET201108300","fistd001",23,94,0,0,6.00,1,6,7.67,21,14
"KCA201104200","hochl001",18,107,0,3,5.00,1,4,6.00,19,11
"KCA201106060","paulf001",20,99,1,3,5.00,1,4,6.67,19,14
"MIN201104282","niemj001",21,84,0,1,6.00,1,2,7.00,20,9
"MIN201105130","romer002",26,101,0,3,5.67,1,8,8.67,21,16
"MIN201105280","swara001",24,105,0,2,7.33,1,4,8.00,21,9
"MIN201106120","lirif001",24,97,0,0,7.00,1,9,8.00,18,10
"MIN201109052","stewz001",27,114,0,0,7.00,1,9,9.00,19,9
"MIN201109210","slowk001",20,87,0,0,5.67,1,6,6.67,21,6
"NYA201104250","humbp001",21,100,1,2,6.33,1,5,7.00,16,10
"NYA201107260","sabac001",21,102,0,3,6.33,1,14,7.00,8,5
"OAK201106150","hochl001",21,91,0,2,5.00,1,0,7.00,24,15
"OAK201108130","cahit001",22,97,0,0,5.33,1,4,7.33,25,15
"OAK201108210","perel001",18,80,0,2,5.33,1,4,6.00,14,8
"OAK201109070","moscg001",26,129,0,1,7.67,1,4,8.67,25,4
"OAK201109180","moscg001",18,110,0,2,5.00,1,8,6.00,12,4
"SEA201105030","bedae001",21,103,0,2,5.00,1,3,7.00,21,12
"SEA201106170","pinem001",18,92,1,3,5.67,1,5,6.00,14,6
"SEA201107140","holld003",27,118,0,1,5.00,1,8,9.00,24,9
"SEA201107300","pinem001",19,110,1,4,5.67,1,10,6.33,9,3
"SEA201107310","hellj001",21,109,0,1,5.00,1,2,7.00,24,7
"TBA201104020","tillc001",18,101,0,3,-1.00,2,5,6.00,13,4
"TBA201108020","romer002",24,109,1,4,5.00,1,7,8.00,17,11
"TEX201107220","lewic001",20,105,0,2,5.00,1,5,6.67,18,6
"TEX201109010","wilsc004",18,88,1,1,5.00,1,8,6.00,11,4
"TOR201104020","drabk001",21,101,0,3,5.33,1,7,7.00,14,11
"TOR201105070","verlj001",27,108,0,1,-1.00,3,4,9.00,22,12
"ATL201104130","johnj009",22,109,0,3,7.33,1,9,7.33,14,9
"ATL201105140","jurrj001",22,107,0,1,5.67,1,6,7.33,18,8
"ATL201107010","jurrj001",27,112,0,1,6.33,1,8,9.00,20,12
"ATL201108160","delgr001",18,74,0,1,6.00,1,4,6.00,14,4
"CHN201107020","garzm001",27,114,0,2,5.33,1,7,9.00,23,12
"CHN201108090","wangc001",18,81,1,2,5.00,1,1,6.00,17,12
"COL201104180","linct001",23,115,0,3,6.33,1,10,7.67,15,12
"COL201109190","luebc001",21,119,0,3,5.67,1,9,7.00,13,4
"FLO201104010","johnj009",20,92,0,2,6.00,1,3,6.67,20,11
"FLO201104220","sanca004",27,123,0,3,8.00,1,9,9.00,18,9
"FLO201104240","johnj009",21,117,0,3,5.67,1,6,7.00,17,5
"FLO201105080","sanca004",21,117,1,0,6.00,1,11,7.00,13,6
"FLO201106080","lowed001",20,86,0,2,6.33,1,5,6.67,17,14
"FLO201106090","volsc001",20,113,0,2,5.00,1,7,6.67,18,13
"HOU201106080","norrb001",24,104,0,5,6.67,1,2,8.00,20,10
"HOU201109040","marcs001",21,99,0,1,5.33,1,8,7.00,15,3
"LAN201107040","delar003",21,98,0,1,5.00,1,5,7.00,21,11
"LAN201107090","haraa001",18,95,0,3,-1.00,2,6,6.00,11,8
"NYN201105190","gee-d001",23,107,0,3,5.67,1,3,7.67,21,11
"NYN201109241","dickr001",21,101,0,1,6.33,1,4,7.00,19,8
"PHI201105060","lowed001",18,97,0,1,6.00,1,4,6.00,16,8
"PHI201106240","worlv001",18,105,0,4,5.67,1,4,6.00,15,9
"PHI201106240","moscg001",21,106,0,3,5.33,1,2,7.00,21,7
"PHI201106280","lee-c003",27,112,0,2,5.00,1,5,9.00,22,10
"PHI201109070","oswar001",21,116,0,4,5.00,1,7,7.00,18,10
"PIT201104130","corrk001",18,78,0,2,5.00,1,1,6.00,22,10
"PIT201105220","porcr001",24,84,0,2,5.00,1,3,8.00,21,10
"SDN201109260","latom001",21,103,0,1,5.33,1,9,7.00,14,5
"SFN201105080","voger001",19,99,0,1,5.00,1,4,6.33,17,9
"SFN201105100","linct001",24,113,0,2,5.33,1,9,8.00,18,8
"SFN201106050","hammj002",21,81,0,2,5.67,1,4,7.00,19,6
"SLN201105060","garcj004",27,102,0,1,7.33,1,8,9.00,20,9
"SLN201105070","gally001",24,118,0,4,7.00,1,6,8.00,18,12
"SLN201107310","westj001",18,77,0,3,5.67,1,3,6.00,18,10
"WAS201104140","zimmj003",21,85,0,0,5.00,1,4,7.00,23,12
"WAS201106230","marqj001",24,108,0,3,5.33,1,4,8.00,22,14
"ANA201205020","weavj003",27,121,0,1,-1.00,3,9,9.00,19,5
"ANA201206160","sante001",27,102,0,1,6.67,1,5,9.00,23,9
"BAL201204080","hammj002",24,97,0,3,7.00,1,5,8.00,19,14
"BAL201208150","cooka002",16,71,0,3,5.33,1,1,5.33,19,14
"CHA201204290","floyg001",20,111,0,1,6.33,1,9,6.67,14,7
"CLE201204070","jimeu001",21,95,0,3,6.67,1,3,7.00,19,6
"CLE201209150","sanca004",20,95,1,0,6.67,1,7,6.67,15,6
"DET201205180","verlj001",27,109,0,2,8.33,1,12,9.00,16,10
"DET201208040","fistd001",27,107,0,0,5.67,1,6,9.00,25,10
"KCA201206120","mendl001",18,74,1,2,6.00,1,4,6.00,15,7
"KCA201208190","guthj001",23,103,0,1,7.67,1,5,7.67,21,10
"KCA201209030","darvy001",21,87,0,1,5.67,1,6,7.00,18,8
"MIN201206150","lirif001",18,104,1,4,5.33,1,6,6.00,12,7
"MIN201209100","dedus001",21,108,0,3,5.33,1,6,7.00,18,11
"MIN201209150","lirif001",21,100,1,2,6.67,1,9,7.00,12,4
"NYA201206080","kuroh001",21,91,0,1,5.67,1,7,7.00,15,10
"NYA201208140","kuroh001",27,109,0,2,6.00,1,5,9.00,22,17
"NYA201209210","sabac001",24,113,1,2,5.00,1,11,8.00,16,6
"OAK201206040","parkj001",24,111,0,3,7.00,1,6,8.00,16,8
"OAK201206160","rosst001",18,95,1,4,5.67,1,6,6.00,12,3
"SEA201204210","humbp001",27,96,0,0,-1.00,3,9,9.00,18,5
"SEA201206080","millk004",18,68,0,1,-1.00,2,6,6.00,11,4
"SEA201207030","chenw001",22,97,0,0,6.33,1,9,7.33,15,3
"SEA201208150","hernf002",27,113,0,0,-1.00,3,12,9.00,15,8
"TBA201209170","cobba001",18,101,1,3,5.67,1,4,6.00,16,10
"TEX201206120","lewic001",27,105,0,1,5.33,1,7,9.00,23,8
"TEX201208240","harrm001",24,118,0,2,6.67,1,5,8.00,22,12
"TOR201204270","romer002",20,117,0,3,5.00,1,5,6.67,20,9
"TOR201209030","saunj001",19,94,0,2,5.67,1,2,6.33,20,7
"ATL201206160","hammj002",27,103,0,2,6.67,1,8,9.00,20,10
"ATL201209050","minom001",21,108,0,4,6.00,1,7,7.00,15,8
"CHN201207310","burna001",27,108,1,2,7.67,1,8,9.00,20,11
"CIN201206260","arrob001",23,105,1,1,7.33,1,4,7.67,22,7
"COL201204120","bumgm001",22,117,0,2,5.33,1,2,7.33,23,13
"COL201205180","millk004",27,113,1,1,5.67,1,7,9.00,21,14
"HOU201204300","dickr001",18,77,0,2,5.00,1,6,6.00,16,10
"HOU201206280","casha001",19,101,0,1,6.33,1,9,6.33,12,4
"MIA201204040","lohsk001",22,90,1,0,6.00,1,3,7.33,20,8
"MIA201204290","milew001",19,97,0,2,5.00,1,6,6.33,15,6
"MIA201206130","doubf001",21,99,0,1,5.67,1,9,7.00,15,2
"MIA201208120","capuc001",24,102,0,3,6.33,1,10,8.00,14,4
"MIL201206050","dempr002",21,101,0,0,5.00,1,3,7.00,21,9
"MIL201208070","fierm001",24,113,0,0,6.00,1,7,8.00,20,6
"MIL201209010","burna001",20,102,0,4,5.67,1,9,6.67,12,7
"NYN201204080","niesj001",18,102,0,4,6.00,1,7,6.00,14,10
"NYN201206010","santj003",27,134,0,5,-1.00,3,8,9.00,19,3
"NYN201208210","younc003",21,95,0,1,5.00,1,9,7.00,17,5
"PHI201205230","hamec001",24,114,0,3,5.33,1,8,8.00,18,10
"PHI201209100","kendk001",21,95,0,3,5.00,1,8,7.00,15,7
"PHI201209120","johnj009",21,115,1,3,5.00,1,6,7.00,19,13
"PIT201204251","mcdoj004",21,101,1,3,6.00,1,8,7.00,13,5
"PIT201206100","burna001",22,107,1,2,5.33,1,6,7.33,20,12
"PIT201206230","lincb001",18,79,0,1,5.00,1,7,6.00,13,6
"PIT201208110","marqj001",27,106,0,1,6.00,1,4,9.00,24,16
"PIT201209280","bailh001",27,115,0,1,-1.00,3,10,9.00,17,10
"SFN201204130","cainm001",27,106,0,0,5.67,1,11,9.00,17,11
"SFN201204280","bassa001",24,90,0,0,5.67,1,8,8.00,22,10
"SFN201206130","cainm001",27,125,0,0,-1.00,3,14,9.00,13,6
"SFN201206280","bumgm001",27,107,0,2,5.00,1,8,9.00,19,12
"SFN201209050","cahit001",19,83,0,2,6.00,1,5,6.33,16,11
"SLN201210030","mills001",18,72,1,2,5.67,1,7,6.00,11,3
"WAS201205170","mcdoj004",17,86,0,1,5.00,1,11,5.67,10,3
"WAS201209050","gonzg003",21,93,0,0,5.00,1,9,7.00,16,8
"ANA201305040","garcf002",20,78,0,1,6.00,1,2,6.67,20,9
"BAL201306260","kazms001",21,78,0,1,6.00,1,4,7.00,18,10
"BAL201306280","sabac001",21,106,0,0,5.00,1,6,7.00,21,12
"BOS201304140","buchc001",24,109,0,4,7.00,1,11,8.00,14,7
"BOS201305100","lestj001",27,118,0,0,5.67,1,5,9.00,23,12
"BOS201309190","lackj001",27,113,0,2,6.33,1,8,9.00,21,11
"CHA201305120","salec001",27,98,0,0,6.33,1,7,9.00,21,12
"CHA201305210","quinj001",19,107,0,2,6.33,1,5,6.33,17,4
"CLE201307110","salad001",18,89,0,1,5.00,1,7,6.00,13,7
"DET201305240","sanca004",27,130,0,3,8.33,1,12,9.00,16,6
"DET201307140","verlj001",21,105,0,3,6.67,1,3,7.00,18,5
"DET201308161","duffd001",18,96,1,3,5.67,1,3,6.00,15,8
"HOU201304020","darvy001",26,111,0,0,8.67,1,14,8.67,13,9
"HOU201305050","verlj001",21,116,0,2,6.33,1,9,7.00,13,7
"HOU201306250","westj001",18,84,0,2,5.00,1,3,6.00,19,10
"HOU201307200","bedae001",19,109,0,5,-1.00,2,10,6.33,9,4
"HOU201308120","darvy001",24,115,0,1,7.33,1,15,8.00,10,2
"KCA201305060","shiej002",24,102,1,2,5.00,1,9,8.00,16,6
"KCA201305250","guthj001",22,106,2,1,5.00,1,2,7.33,25,12
"MIN201304130","harvm001",24,107,0,2,6.67,1,6,8.00,19,8
"MIN201306160","fistd001",23,110,0,2,5.00,1,7,7.67,18,9
"MIN201307210","mastj001",21,93,1,0,6.00,1,8,7.00,14,9
"NYA201309220","petta001",21,104,0,1,5.33,1,6,7.00,17,9
"OAK201305150","ogana001",18,92,1,1,5.00,1,3,6.00,19,2
"OAK201307140","workb001",19,103,0,1,6.00,1,5,6.33,15,5
"OAK201308170","jimeu001",17,105,1,5,5.67,1,8,5.67,10,2
"TBA201307110","moorm003",22,106,0,2,5.67,1,10,7.33,15,3
"TBA201307120","cosaj001",24,96,0,3,6.33,1,2,8.00,21,13
"TEX201308300","darvy001",20,107,0,2,6.00,1,11,6.67,11,2
"TOR201306170","delaj001",21,95,0,3,5.33,1,4,7.00,16,8
"TOR201306180","rogee002",20,89,0,1,5.33,1,5,6.67,19,11
"ARI201306170","corbp001",24,106,0,1,5.33,1,7,8.00,20,9
"ARI201306220","leakm001",24,92,0,1,5.67,1,1,8.00,27,15
"ATL201306050","tehej001",24,107,2,2,7.67,1,11,8.00,13,2
"ATL201306140","bumgm001",21,108,0,1,5.00,1,10,7.00,12,5
"ATL201306181","harvm001",21,116,0,3,6.00,1,13,7.00,10,6
"ATL201309150","smitb005",21,95,0,2,5.00,1,10,7.00,14,6
"ATL201309270","medlk001",24,101,0,2,5.67,1,7,8.00,16,8
"CHN201306090","lockj001",17,100,0,7,5.67,1,6,5.67,11,8
"CIN201307020","bailh001",27,109,0,1,-1.00,3,9,9.00,18,8
"COL201306090","nicaj001",18,93,0,1,5.33,1,7,6.00,15,9
"COL201308280","chacj001",21,108,0,2,6.67,1,9,7.00,15,8
"LAN201306050","marqj001",19,100,0,2,5.67,1,6,6.33,16,10
"MIA201307300","wheez001",21,87,0,3,6.33,1,5,7.00,18,9
"MIA201308030","mcalz001",16,99,0,1,5.00,1,7,5.33,12,4
"MIA201309060","fernj003",21,94,0,2,5.33,1,9,7.00,12,6
"MIA201309290","alvah001",27,99,1,1,-1.00,3,4,9.00,24,14
"MIL201304170","lohsk001",21,102,0,1,5.00,1,6,7.00,21,10
"NYN201305070","harvm001",27,105,0,0,6.67,1,12,9.00,16,8
"NYN201307220","gee-d001",21,96,1,3,6.00,1,3,7.00,20,13
"NYN201309090","gonzg003",27,110,0,2,6.00,1,8,9.00,20,7
"PIT201304170","burna001",21,101,1,0,6.67,1,8,7.00,14,7
"PIT201309150","lirif001",18,107,0,4,6.00,1,4,6.00,17,9
"PIT201309160","casha001",27,97,0,0,6.00,1,7,9.00,20,13
"SDN201305180","stule002",24,89,0,2,5.00,1,5,8.00,21,12
"SDN201306220","volqe001",17,108,0,7,5.00,1,7,5.67,13,10
"SDN201307130","linct001",27,148,1,4,-1.00,3,13,9.00,14,6
"SFN201305030","kersc001",21,104,0,3,5.33,1,5,7.00,18,8
"SFN201306200","koeht001",21,96,0,3,5.33,1,3,7.00,19,8
"SFN201309060","petiy001",27,95,0,0,8.67,1,7,9.00,21,13
"SLN201304090","arrob001",18,84,0,1,5.00,1,2,6.00,20,7
"SLN201305110","waina001",27,120,0,1,7.33,1,7,9.00,22,9
"SLN201305120","delaj001",21,100,0,3,6.67,1,7,7.00,16,4
"SLN201309100","peraw001",20,105,0,4,5.67,1,7,6.67,16,6
"SLN201309110","estrm001",20,101,0,3,5.67,1,6,6.67,15,6
"SLN201309240","wachm001",26,112,0,2,8.67,1,9,8.67,18,9
"WAS201305120","gonzg003",21,86,0,1,5.00,1,6,7.00,17,5
"WAS201307240","lirif001",23,110,0,3,5.67,1,8,7.67,17,7
"WAS201309200","zimmj003",27,107,0,1,5.67,1,9,9.00,20,11
"ANA201406210","martn002",21,97,0,1,5.00,1,3,7.00,21,4
"ANA201407190","richg002",24,98,1,1,5.00,1,7,8.00,19,10
"ANA201408060","hared001",22,87,0,0,5.33,1,4,7.33,20,9
"ANA201408090","richg002",19,104,0,2,6.00,1,5,6.33,18,11
"ANA201409140","keucd001",21,114,0,1,6.33,1,4,7.00,18,14
"BAL201406100","workb001",20,67,0,1,5.67,1,4,6.67,16,7
"BOS201406300","arrij001",23,120,0,1,7.67,1,10,7.67,14,4
"BOS201407100","quinj001",21,111,0,2,5.00,1,7,7.00,16,5
"BOS201408210","shoem001",23,116,1,1,6.67,1,9,7.67,15,9
"BOS201409100","chenw001",21,93,0,0,5.33,1,4,7.00,20,4
"CHA201404170","salec001",21,127,1,3,5.67,1,10,7.00,12,4
"CHA201404170","lestj001",24,112,0,0,5.33,1,9,8.00,21,8
"CHA201405220","salec001",18,86,0,0,5.67,1,10,6.00,9,4
"CLE201408131","bauet001",24,111,0,2,5.00,1,9,8.00,17,7
"HOU201405300","gonzm003",20,102,1,2,5.33,1,4,6.67,20,6
"HOU201408300","rossr002",15,70,0,3,-1.00,2,5,5.00,10,5
"KCA201405040","verlj001",21,107,0,4,5.67,1,7,7.00,18,4
"KCA201405170","duffd001",21,97,0,0,6.67,1,2,7.00,21,9
"KCA201406040","waina001",24,111,0,2,5.00,1,8,8.00,20,13
"KCA201407240","klubc001",27,107,0,0,6.33,1,10,9.00,18,8
"NYA201406200","kuroh001",18,107,0,1,5.00,1,6,6.00,17,5
"NYA201406280","lestj001",24,118,1,2,5.00,1,6,8.00,22,12
"NYA201409110","cobba001",22,102,0,2,7.33,1,4,7.33,20,10
"OAK201406210","chavj001",21,100,0,4,5.00,1,4,7.00,18,9
"OAK201408030","shiej002",24,102,0,0,5.00,1,2,8.00,25,9
"OAK201408070","lestj001",27,122,0,2,5.00,1,8,9.00,21,9
"OAK201409060","kazms001",19,92,0,5,5.00,1,8,6.33,14,7
"SEA201405140","odorj001",18,95,0,2,5.67,1,7,6.00,11,4
"SEA201405260","younc003",19,98,0,3,5.33,1,5,6.33,15,4
"SEA201407230","colob001",22,101,0,1,6.67,1,5,7.33,20,9
"TBA201409210","dankj001",18,86,0,3,5.33,1,5,6.00,15,7
"TEX201404110","darvy001",24,101,0,1,5.00,1,9,8.00,16,8
"TEX201405090","darvy001",26,126,0,2,6.67,1,12,8.67,16,7
"TEX201409130","tehej001",24,105,0,1,5.33,1,6,8.00,21,5
"TOR201406070","mills001",27,105,0,1,5.67,1,5,9.00,25,9
"TOR201407240","strom001",21,97,0,2,6.00,1,7,7.00,13,9
"ATL201409010","hamec001",18,108,1,5,-1.00,2,7,6.00,11,4
"CHN201405050","quinj001",21,95,0,3,5.00,1,3,7.00,19,12
"CHN201406240","arrij001",21,94,0,0,6.00,1,9,7.00,15,5
"CHN201408240","wadat001",19,92,0,1,6.00,1,8,6.33,12,5
"CHN201409160","arrij001",27,110,0,1,7.33,1,13,9.00,14,6
"CIN201408220","minom001",23,107,0,4,7.67,1,5,7.67,19,10
"COL201405160","delaj001",21,89,0,1,6.00,1,5,7.00,16,11
"LAN201405260","ryu-h001",22,95,0,0,7.00,1,7,7.33,18,11
"LAN201406180","kersc001",27,107,0,0,-1.00,3,15,9.00,13,9
"LAN201406260","waina001",24,100,0,1,5.00,1,7,8.00,21,11
"LAN201408210","kersc001",24,103,0,2,5.67,1,10,8.00,16,9
"LAN201409070","cahit001",17,88,0,4,5.33,1,4,5.67,15,6
"MIA201404190","alvah001",27,90,0,0,5.00,1,4,9.00,24,17
"MIL201404020","garzm001",24,90,0,1,6.67,1,7,8.00,19,10
"MIL201404020","haraa001",20,97,0,1,6.00,1,3,6.67,19,8
"MIL201404270","hammj002",21,98,0,2,5.33,1,7,7.00,18,10
"MIL201407100","garzm001",23,108,0,2,6.00,1,3,7.67,23,9
"NYN201404180","haraa001",21,121,0,6,-1.00,2,5,7.00,16,5
"NYN201408010","voger001",27,102,0,1,5.00,1,5,9.00,22,9
"NYN201408020","degrj001",22,101,0,1,6.67,1,7,7.33,19,10
"NYN201408020","peavj001",21,89,1,0,6.33,1,4,7.00,21,11
"PHI201405250","beckj002",27,128,0,3,-1.00,3,6,9.00,21,10
"PHI201406150","woodt004",24,112,0,3,5.33,1,6,8.00,21,7
"PIT201407030","worlv001",21,87,0,2,5.33,1,6,7.00,19,8
"PIT201408260","coleg001",18,108,1,1,5.67,1,9,6.00,12,5
"PIT201408290","volqe001",23,114,2,3,6.00,1,6,7.67,19,12
"SDN201404110","casha001",27,108,0,2,5.33,1,11,9.00,17,13
"SDN201404170","kenni001",21,99,0,2,5.00,1,7,7.00,17,12
"SDN201406080","zimmj003",27,114,0,0,5.33,1,12,9.00,17,8
"SDN201407200","despo001",23,123,2,3,7.67,1,5,7.67,20,10
"SFN201405280","linct001",15,96,1,4,-1.00,2,5,5.00,10,7
"SFN201406060","cainm001",21,96,0,1,5.00,1,3,7.00,19,10
"SFN201406250","linct001",27,113,0,1,-1.00,3,6,9.00,21,12
"SFN201406290","bailh001",27,107,0,1,6.67,1,7,9.00,22,8
"SFN201408260","bumgm001",27,103,0,0,7.00,1,13,9.00,15,4
"SFN201408300","peavj001",23,113,1,3,7.33,1,8,7.67,14,8
"SLN201406130","lynnl001",24,111,0,0,5.33,1,8,8.00,17,7
"SLN201409170","fierm001",21,103,0,2,5.67,1,7,7.00,16,8
"WAS201404260","roart001",27,105,0,1,5.33,1,8,9.00,22,15
"WAS201409280","zimmj003",27,104,0,1,-1.00,3,10,9.00,17,5
"ANA201505100","richg002",20,110,1,4,6.33,1,10,6.67,11,7
"ANA201506150","ray-r002",21,100,0,2,5.67,1,3,7.00,18,5
"ANA201507170","milew001",21,101,0,2,6.00,1,6,7.00,16,9
"ANA201508080","jimeu001",24,118,2,1,5.67,1,6,8.00,20,10
"BOS201505050","smyld001",18,92,0,2,5.00,1,6,6.00,15,9
"CHA201506190","salec001",24,111,0,0,5.67,1,14,8.00,12,7
"CHA201507040","samaj001",23,111,0,2,5.67,1,9,7.67,16,8
"CHA201507090","samaj001",27,108,0,1,5.33,1,5,9.00,24,11
"CHA201508160","salec001",21,116,1,2,5.33,1,15,7.00,8,3
"CLE201505130","klubc001",24,113,1,0,6.67,1,18,8.00,7,2
"CLE201506210","coloa001",21,87,0,2,5.33,1,4,7.00,17,10
"CLE201508090","klubc001",27,100,0,1,6.67,1,10,9.00,19,5
"DET201507030","sanca004",22,117,0,3,7.33,1,5,7.33,20,9
"DET201509050","simoa001",21,112,0,4,5.67,1,5,7.00,17,6
"DET201509220","norrd002",15,63,0,0,-1.00,2,4,5.00,11,7
"DET201508260","verlj001",27,112,0,2,8.00,1,9,9.00,17,7
"HOU201504060","klubc001",22,102,0,2,5.67,1,7,7.33,17,7
"HOU201504090","bauet001",18,111,0,5,-1.00,2,11,6.00,7,2
"HOU201506140","mccul002",15,90,0,4,-1.00,2,4,5.00,10,4
"HOU201506150","keucd001",20,106,0,2,5.00,1,4,6.67,20,13
"HOU201508210","fierm001",27,134,0,3,-1.00,3,10,9.00,17,8
"HOU201509050","mccul002",21,103,0,2,5.00,1,8,7.00,15,8
"KCA201505010","younc003",15,81,0,3,-1.00,2,9,5.00,6,1
"KCA201505030","sanca004",22,104,0,1,5.00,1,4,7.33,22,9
"KCA201509090","medlk001",18,90,0,2,5.00,1,2,6.00,18,11
"KCA201509250","carrc003",27,113,0,2,6.33,1,15,9.00,13,10
"KCA201509270","younc003",15,68,0,1,-1.00,2,2,5.00,13,3
"MIN201504170","klubc001",24,96,1,1,5.00,1,8,8.00,20,12
"MIN201506090","younc003",19,83,0,3,6.33,1,2,6.33,17,5
"MIN201508150","dufft001",18,94,0,5,5.33,1,7,6.00,11,8
"MIN201509191","heana001",18,91,0,2,5.00,1,6,6.00,13,4
"NYA201506170","pinem001",20,100,0,2,6.00,1,9,6.67,12,6
"NYA201508190","eovan001",21,120,0,2,5.33,1,8,7.00,17,8
"OAK201504060","grays001",24,98,1,1,7.00,1,3,8.00,22,11
"OAK201504120","hahnj001",17,87,0,2,5.00,1,2,5.67,19,8
"SEA201508120","iwakh001",27,116,0,3,-1.00,3,7,9.00,19,11
"SEA201508210","salec001",21,110,0,1,6.00,1,14,7.00,11,4
"TBA201505100","rodrw002",18,91,1,1,5.00,1,6,6.00,13,4
"TBA201506240","karnn001",18,81,0,3,5.33,1,5,6.00,15,5
"TBA201506240","estrm001",26,129,0,0,7.33,1,10,8.67,18,6
"TBA201506290","andec002",24,100,0,0,6.33,1,2,8.00,24,9
"TBA201506300","salad001",23,109,0,2,5.67,1,2,7.67,23,10
"TBA201507010","carrc003",26,124,1,2,8.67,1,13,8.67,13,9
"TBA201507290","archc001",21,101,0,0,6.33,1,11,7.00,14,8
"TBA201509140","ramie004",23,98,0,2,7.00,1,6,7.67,17,6
"TEX201505300","gonzc002",17,102,0,5,5.00,1,2,5.67,17,12
"TEX201509110","lewic001",27,97,0,0,7.00,1,4,9.00,25,8
"TOR201504230","hutcd001",24,100,1,0,5.00,1,7,8.00,21,13
"TOR201506190","estrm001",21,118,0,4,7.00,1,6,7.00,16,7
"ATL201507180","lestj001",22,110,1,1,7.00,1,7,7.33,17,11
"ATL201508160","mills001",21,109,0,4,7.00,1,10,7.00,13,6
"ATL201509200","tehej001",25,106,0,1,6.00,1,8,8.33,21,6
"CHN201507060","lestj001",21,95,0,2,6.33,1,8,7.00,16,9
"CHN201507250","hamec001",27,129,0,2,-1.00,3,13,9.00,14,6
"CHN201508240","klubc001",23,121,1,0,5.33,1,11,7.67,16,7
"CHN201509270","arrij001",21,84,1,0,6.00,1,9,7.00,12,7
"CHN201509280","venty001",21,94,0,1,5.00,1,6,7.00,16,11
"CIN201505130","igler001",24,103,0,3,5.00,1,5,8.00,21,5
"CIN201506190","leakm001",21,92,1,3,5.67,1,7,7.00,15,11
"LAN201507100","nelsj004",21,94,1,2,5.33,1,6,7.00,20,11
"LAN201508120","kersc001",24,101,0,0,5.33,1,8,8.00,19,12
"LAN201508300","arrij001",27,116,0,1,-1.00,3,12,9.00,16,8
"MIA201505170","mills001",27,94,0,1,8.67,1,4,9.00,24,14
"MIL201506140","schem001",27,119,0,1,6.00,1,16,9.00,12,6
"MIL201510030","hendk001",18,79,0,0,5.33,1,8,6.00,11,7
"NYN201506090","hestc001",27,110,3,0,-1.00,3,11,9.00,15,13
"NYN201507230","kersc001",27,104,0,0,6.00,1,11,9.00,18,12
"NYN201507280","syndn001",24,107,0,0,6.00,1,9,8.00,17,9
"NYN201507310","harvm001",23,109,1,0,5.33,1,9,7.67,19,8
"NYN201510032","schem001",27,109,0,0,-1.00,3,17,9.00,11,6
"PHI201505290","bettc001",24,104,0,0,7.33,1,7,8.00,20,11
"PHI201506030","leakm001",24,119,0,2,6.67,1,9,8.00,18,9
"PHI201506260","schem001",24,100,0,0,5.33,1,7,8.00,22,9
"SDN201506010","degrj001",24,105,0,0,5.00,1,8,8.00,17,6
"SDN201506300","montm002",27,113,1,4,6.33,1,7,9.00,20,10
"SDN201507210","hestc001",22,116,1,2,5.00,1,6,7.33,15,10
"SDN201509260","erlir001",21,79,0,1,5.67,1,4,7.00,18,9
"SFN201505040","bumgm001",22,107,0,1,6.00,1,6,7.33,20,10
"SFN201506120","andec001",21,96,2,1,6.33,1,2,7.00,19,8
"SFN201506130","websa001",17,81,0,3,5.33,1,2,5.67,17,9
"SFN201509120","bumgm001",27,111,0,0,7.67,1,9,9.00,19,8
"SLN201505020","lirif001",24,98,0,3,5.00,1,4,8.00,21,11
"SLN201505300","wachm001",17,112,1,3,5.33,1,7,5.67,13,6
"WAS201504060","schem001",23,97,0,2,5.67,1,8,7.67,21,7
"WAS201506200","schem001",27,106,1,0,-1.00,3,10,9.00,17,4
"WAS201509050","gonzg003",18,106,0,4,5.00,1,10,6.00,10,6
"WAS201509280","schem001",24,113,0,3,7.33,1,10,8.00,16,10
"ANA201605300","chacj001",27,114,0,1,5.67,1,10,9.00,21,10
"ANA201606010","fulmm001",23,102,0,2,6.67,1,8,7.67,17,7
"ANA201609130","walkt004",27,113,0,0,6.00,1,11,9.00,19,15
"BAL201607270","bundd001",17,89,0,1,5.33,1,8,5.67,11,6
"BAL201608020","bundd001",21,88,0,1,5.67,1,7,7.00,14,8
"BOS201605210","kellj001",20,104,0,3,6.67,1,7,6.67,15,10
"BOS201606030","dickr001",20,100,1,5,5.00,1,4,6.67,18,10
"BOS201606050","estrm001",24,110,0,3,7.33,1,5,8.00,21,3
"BOS201610020","sanca006",21,97,1,2,6.67,1,6,7.00,16,5
"CLE201608130","clevm001",17,91,0,4,5.67,1,3,5.67,15,7
"CLE201609170","verlj001",21,106,0,4,5.00,1,7,7.00,15,5
"DET201606020","boydm001",19,79,0,1,5.00,1,3,6.33,22,10
"DET201608170","sanca004",21,100,0,2,6.67,1,8,7.00,13,5
"HOU201604140","kenni001",21,97,0,2,5.00,1,7,7.00,14,1
"HOU201608170","martc006",21,79,0,1,5.00,1,7,7.00,17,12
"KCA201605270","duffd001",16,76,0,0,5.33,1,5,5.33,16,4
"NYA201606260","dufft001",24,104,0,0,5.67,1,8,8.00,18,11
"OAK201606160","lewic001",27,109,0,1,8.00,1,4,9.00,25,9
"OAK201609030","porcr001",21,101,0,0,5.33,1,2,7.00,22,6
"OAK201609040","rodre004",24,110,1,2,7.67,1,5,8.00,21,11
"OAK201609060","nolar001",21,91,0,2,5.33,1,5,7.00,18,9
"OAK201609200","musgj001",16,80,0,3,5.33,1,4,5.33,13,9
"OAK201609230","gravk001",21,77,0,0,6.00,1,3,7.00,22,13
"SEA201604290","medlk001",16,103,0,5,5.00,1,3,5.33,14,7
"SEA201605150","santh001",24,115,2,1,5.00,1,5,8.00,19,11
"SEA201609170","paxtj001",21,99,0,1,5.00,1,7,7.00,18,7
"SEA201609190","estrm001",21,97,0,3,6.00,1,8,7.00,14,3
"TBA201605290","odorj001",21,108,0,1,6.33,1,6,7.00,16,9
"TBA201606290","moorm003",21,108,0,2,5.00,1,6,7.00,18,4
"TBA201608010","duffd001",24,110,0,1,7.00,1,16,8.00,9,0
"TBA201608190","hamec001",22,104,0,2,5.67,1,10,7.33,15,9
"TEX201604250","eovan001",21,98,0,2,6.00,1,6,7.00,16,10
"TOR201605080","estrm001",21,103,0,2,5.00,1,8,7.00,17,12
"TOR201605290","dickr001",16,102,1,4,5.33,1,1,5.33,17,7
"TOR201607060","strom001",24,85,0,1,5.00,1,6,8.00,20,15
"ARI201606110","fernj003",18,85,0,0,5.67,1,8,6.00,15,4
"ARI201608250","wislm001",24,103,0,3,6.00,1,4,8.00,22,12
"ATL201606280","klubc001",24,87,0,1,5.00,1,7,8.00,18,11
"CHN201604110","finnb001",20,111,0,5,6.67,1,5,6.67,17,8
"CHN201605150","lestj001",20,109,0,2,6.33,1,9,6.67,13,7
"CHN201607270","ranaa001",20,107,0,4,5.33,1,3,6.67,19,9
"CHN201607300","milew001",21,92,0,1,6.00,1,9,7.00,13,9
"CHN201609020","lestj001",27,102,0,2,6.67,1,4,9.00,26,11
"CIN201604210","arrij001",27,119,0,4,-1.00,3,6,9.00,19,11
"CIN201606100","grays001",23,92,0,1,5.33,1,4,7.67,23,12
"CIN201608200","finnb001",21,96,0,2,6.00,1,8,7.00,14,8
"COL201604230","maedk001",19,94,0,1,5.33,1,8,6.33,14,6
"LAN201608250","moorm003",26,133,0,3,8.67,1,7,8.67,20,11
"LAN201609030","hillr001",18,89,0,2,5.67,1,8,6.00,11,4
"MIA201604050","verlj001",18,98,0,2,5.33,1,5,6.00,16,4
"MIA201606010","conla001",18,105,0,3,5.67,1,9,6.00,10,4
"MIA201606020","chenw001",18,100,1,3,6.00,1,5,6.00,14,2
"MIA201606170","conla001",17,109,1,5,5.67,1,5,5.67,13,3
"MIA201609100","hillr001",21,89,0,0,-1.00,2,9,7.00,12,2
"MIL201604290","conla001",23,116,0,4,-1.00,2,7,7.67,16,9
"MIL201605170","andec001",26,110,0,1,7.00,1,6,8.67,23,10
"MIL201606070","daviz001",21,102,0,3,6.67,1,5,7.00,17,7
"MIL201606080","andec001",20,94,0,0,5.33,1,4,6.67,18,5
"NYN201606140","tailj001",24,91,1,1,6.00,1,5,8.00,20,16
"NYN201608140","matzs001",22,105,0,2,7.33,1,8,7.33,14,9
"PHI201608300","schem001",24,102,0,1,5.00,1,11,8.00,15,5
"PIT201606250","lockj001",21,89,0,0,5.00,1,3,7.00,22,9
"PIT201608100","jacke001",21,103,0,3,5.00,1,7,7.00,14,10
"SDN201605050","rea-c001",24,107,0,1,6.67,1,5,8.00,22,13
"SDN201607170","jacke001",19,90,0,5,6.33,1,4,6.33,17,10
"SFN201604080","strir001",22,100,0,4,-1.00,2,4,7.33,17,8
"SFN201607100","bumgm001",27,117,0,1,7.33,1,14,9.00,13,9
"SFN201607310","cainm001",15,93,1,4,-1.00,2,5,5.00,10,4
"SFN201608210","samaj001",21,99,0,1,6.00,1,7,7.00,17,4
"SLN201604140","garcj004",27,104,0,1,5.67,1,13,9.00,15,12
"SLN201607160","waina001",27,120,0,2,5.00,1,5,9.00,24,14
"SLN201609120","hendk001",24,96,0,2,8.00,1,7,8.00,17,9
"WAS201606130","schem001",21,96,0,0,5.33,1,11,7.00,12,5
"WAS201607030","stras001",20,109,0,4,-1.00,2,5,6.67,15,7
"WAS201608090","schem001",21,108,0,1,6.33,1,10,7.00,14,3
"WAS201609270","kochm001",15,69,1,1,5.00,1,3,5.00,13,5
"ANA201706160","kenni001",18,97,0,1,5.67,1,4,6.00,16,8
"ANA201707020","paxtj001",19,87,0,2,5.33,1,3,6.33,17,9
"ANA201707190","meyea001",21,88,0,1,5.67,1,7,7.00,15,9
"BAL201705090","schem001",24,113,0,2,5.33,1,11,8.00,17,4
"CHA201705280","gonzm003",23,107,0,0,6.00,1,6,7.67,22,9
"CLE201704120","holld003",18,101,0,4,5.00,1,4,6.00,15,4
"CLE201708260","hammj002",20,89,0,1,5.33,1,4,6.67,22,8
"DET201704110","boydm001",18,97,0,2,5.67,1,6,6.00,13,2
"DET201708090","verlj001",24,113,1,3,5.67,1,6,8.00,19,7
"DET201708200","verlj001",24,112,0,1,5.67,1,9,8.00,17,5
"DET201708200","maedk001",18,85,0,0,5.00,1,7,6.00,16,5
"DET201709170","boydm001",27,121,0,1,8.67,1,5,9.00,23,10
"HOU201705200","clevm001",21,106,0,2,6.00,1,8,7.00,14,7
"KCA201706080","mccul002",21,91,0,2,6.33,1,8,7.00,14,11
"KCA201707140","hammj002",17,108,0,2,5.33,1,4,5.67,18,6
"KCA201708220","duffd001",18,88,0,3,5.67,1,7,6.00,13,6
"NYA201704100","pinem001",23,93,0,0,6.67,1,11,7.67,14,7
"NYA201705270","cottj001",17,107,1,3,5.67,1,5,5.67,13,1
"NYA201707250","montj004",20,85,0,1,5.00,1,6,6.67,15,5
"NYA201707280","tanam001",24,109,0,0,5.67,1,14,8.00,12,5
"OAK201704150","manas001",15,98,1,5,-1.00,2,6,5.00,10,6
"OAK201706300","foltm001",24,119,0,4,8.00,1,8,8.00,17,4
"SEA201704150","paxtj001",24,114,0,1,5.33,1,9,8.00,16,6
"SEA201704180","chenw001",21,100,1,2,-1.00,2,2,7.00,19,7
"SEA201706210","verlj001",17,110,0,1,5.33,1,11,5.67,10,3
"SEA201709030","albea001",18,101,0,1,5.00,1,5,6.00,14,1
"SEA201709050","miraa002",18,112,0,6,-1.00,2,5,6.00,13,6
"TBA201708050","daviz001",21,95,0,2,5.33,1,2,7.00,20,11
"TBA201708110","carrc003",24,106,0,2,6.67,1,10,8.00,16,8
"TBA201709050","odorj001",20,90,0,1,6.33,1,6,6.67,14,6
"TBA201709170","odorj001",18,96,0,2,5.00,1,6,6.00,13,4
"TBA201709190","montm002",18,81,1,0,5.33,1,6,6.00,13,5
"TEX201704080","gravk001",21,85,0,1,6.67,1,5,7.00,18,13
"TEX201704220","martn002",21,94,0,1,5.33,1,3,7.00,22,11
"TEX201707050","casha001",21,110,0,3,5.67,1,4,7.00,20,10
"ARI201704020","bumgm001",21,88,0,0,5.33,1,11,7.00,16,8
"ARI201705110","greiz001",24,107,0,1,7.00,1,11,8.00,13,5
"CHN201707220","lestj001",24,97,1,0,5.67,1,10,8.00,16,10
"CIN201706300","felds001",21,108,0,2,5.67,1,7,7.00,16,9
"COL201705100","marqg001",24,99,0,1,6.00,1,8,8.00,19,10
"COL201707090","freek001",25,126,1,3,8.33,1,9,8.33,16,9
"COL201709160","andet002",18,73,0,2,5.67,1,3,6.00,16,10
"LAN201705090","uriaj001",19,95,0,2,6.00,1,5,6.33,15,8
"LAN201707040","kersc001",21,117,0,2,6.33,1,11,7.00,12,4
"LAN201708270","nelsj004",20,102,0,2,5.33,1,6,6.67,17,8
"LAN201709040","ray-r002",23,107,0,0,5.00,1,14,7.67,12,3
"MIA201704160","strad003",16,93,0,5,-1.00,2,5,5.33,11,4
"MIA201706030","volqe001",27,98,0,2,-1.00,3,10,9.00,15,11
"MIA201706210","schem001",24,121,2,1,7.33,1,11,8.00,15,11
"MIA201707310","gonzg003",24,106,1,3,8.00,1,5,8.00,19,7
"MIL201705270","andec001",21,114,0,3,7.00,1,11,7.00,11,6
"NYN201704220","gonzg003",19,107,0,3,5.00,1,6,6.33,15,8
"NYN201705070","urenj001",18,63,1,1,5.00,1,2,6.00,17,6
"PHI201708230","leitm002",21,96,0,2,5.00,1,5,7.00,16,11
"PIT201706270","cobba001",24,98,0,1,6.00,1,4,8.00,21,7
"PIT201707010","kuhlc001",18,75,0,1,5.00,1,3,6.00,17,6
"PIT201708230","hillr001",27,99,0,0,9.00,1,10,9.00,19,9
"SDN201705020","chatt001",16,95,0,4,5.00,1,4,5.33,15,8
"SDN201708010","berrj001",21,75,0,2,5.00,1,4,7.00,17,4
"SDN201709230","chacj001",18,92,1,3,5.67,1,6,6.00,13,5
"SFN201704150","chatt001",27,105,0,1,5.67,1,4,9.00,25,18
"SFN201704260","wooda002",18,77,0,1,5.00,1,5,6.00,14,10
"SLN201710010","wilka003",21,86,0,0,5.67,1,5,7.00,18,10
"WAS201707070","dickr001",21,100,1,1,5.00,1,7,7.00,16,7
"WAS201707290","marqg001",21,99,0,0,5.33,1,10,7.00,14,5
"WAS201708150","gonzg003",18,92,0,3,5.67,1,4,6.00,15,9
